time,authenticated,transactions,staytime,errors,priority ,auth,trans,stay,mem,pri
1,12,10,5,O,3,2,10,5,20,40
2,3,3,5,O,4,3,3,5,20,36
3,5,5,5,O,5,5,5,5,20,20
4,19,12,5,O,6,0,12,5,20,44
5,2,2,5,O,7,2,2,5,20,30
6,4,4,5,O,8,4,4,5,20,32
7,3,3,5,O,9,3,3,5,20,27
8,2,2,5,O,10,2,2,5,20,18
9,10,6,5,O,11,0,0,5,20,20
10,6,6,5,O,12,0,0,5,20,23
11,9,9,5,O,13,0,0,5,20,27
12,8,8,5,O,14,0,0,5,20,18
13,7,7,5,O,15,0,0,5,20,19
14,12,8,5,O,16,0,0,5,20,20
15,3,3,5,O,17,0,0,5,20,21
16,5,5,5,O,18,0,0,5,20,22
17,19,9,5,O,19,0,0,5,20,23
18,2,2,5,O,20,0,0,5,20,24
19,4,4,5,O,21,0,0,5,20,25
20,3,3,5,O,22,0,0,5,20,26
21,2,2,5,O,23,0,0,5,20,27
22,10,1,5,O,24,0,0,5,20,28
23,2,2,5,O,25,0,0,5,20,18
24,3,3,5,O,26,0,0,5,20,20
25,2,2,3,O,27,0,0,3,20,14
26,5,5,3,O,28,0,0,3,20,11
27,4,4,3,O,7,0,0,3,20,12
28,7,7,3,O,7,0,0,3,20,13
29,1,1,3,O,7,0,0,3,20,14
30,0,0,3,O,3,0,0,3,20,15
31,2,2,3,O,3,2,2,3,20,16
32,1,1,3,O,3,1,1,3,20,17
33,3,3,3,O,3,3,3,3,20,18
34,4,4,4,O,3,4,4,4,20,19
35,6,6,4,O,4,6,6,4,20,20
36,5,5,4,O,4,5,5,4,20,21
37,4,4,4,O,4,4,3,4,20,22
38,7,7,4,O,4,7,6,4,20,23
39,1,1,4,O,3,1,1,4,20,24
40,0,0,4,O,3,0,0,4,20,25
41,2,2,4,O,3,2,2,4,20,26
42,1,1,4,O,3,1,1,4,20,23
43,3,3,4,O,3,3,3,4,20,24
44,4,4,4,O,9,4,4,4,20,25
45,6,6,4,O,9,0,0,4,20,26
46,2,2,4,O,9,0,0,4,20,27
47,1,1,4,O,9,0,0,4,20,28
48,3,3,4,O,9,0,0,4,20,18
49,4,4,4,O,9,0,0,4,20,20
50,7,7,4,O,9,0,0,4,20,14
51,8,8,4,O,9,0,0,4,20,11
52,10,5,4,O,9,0,0,4,20,12
53,1,1,4,O,2,0,0,4,20,13
54,3,3,4,O,2,0,0,4,20,14
55,2,2,4,O,2,0,0,4,20,15
56,1,1,8,O,2,0,0,0,20,16
57,1,1,8,O,2,0,0,0,20,17
58,2,2,8,O,2,0,0,0,20,18
59,3,3,8,O,2,0,0,0,20,19
60,5,5,8,O,2,0,0,0,20,20
61,4,4,8,O,2,0,0,0,20,21
62,6,6,8,O,2,0,0,0,20,17
63,1,1,8,O,2,0,0,0,20,14
64,2,2,8,O,2,0,0,0,20,2
65,15,15,8,O,2,0,0,0,20,3
66,2,2,8,O,2,0,0,0,20,5
67,3,3,8,O,2,3,3,0,20,4
68,2,2,8,O,2,2,2,0,20,8
69,1,1,8,O,2,1,1,0,20,9
70,3,3,8,O,2,3,3,0,20,12
71,5,5,8,O,2,5,5,0,20,18
72,4,4,8,O,2,4,4,0,20,23
73,6,6,8,O,2,0,0,0,20,24
74,9,9,8,O,2,0,0,0,20,25
75,8,8,8,O,2,0,0,0,20,26
76,7,7,8,O,2,0,0,0,20,27
77,12,6,8,O,2,0,0,0,20,28
78,3,3,8,O,2,0,0,0,20,18
79,5,5,8,O,2,0,0,0,20,20
80,19,7,8,O,2,0,0,0,20,14
81,2,2,8,O,2,0,0,0,20,11
82,4,4,8,O,2,0,0,0,20,12
83,3,3,8,O,2,0,0,0,20,13
84,2,2,8,O,2,0,0,0,20,14
85,10,8,8,O,2,0,0,0,20,15
86,6,6,8,O,2,0,0,0,20,16
87,9,9,8,O,2,0,0,0,20,17
88,8,8,8,O,2,0,0,0,20,18
89,7,7,8,O,2,0,0,0,20,19
90,12,1,8,O,2,0,0,0,20,20
91,3,3,8,O,2,0,0,0,20,21
92,5,5,8,O,2,0,0,0,20,14
93,4,4,8,O,2,0,0,0,20,15
94,6,6,8,O,2,0,0,0,20,16
95,9,9,8,O,2,9,0,0,20,17
96,8,8,8,O,2,8,0,0,20,18
97,7,7,8,O,2,7,0,0,20,19
98,12,10,8,O,2,0,0,0,20,20
99,3,3,8,O,2,0,0,0,20,21
100,5,5,8,O,2,0,0,0,20,22
101,19,2,8,O,2,0,0,0,20,23
102,2,2,8,O,2,0,0,0,20,24
103,4,4,8,O,2,0,0,0,20,25
104,3,3,6,O,2,0,0,0,20,26
105,2,2,6,O,2,0,0,0,20,27
106,10,9,6,O,10,0,0,1,20,28
107,6,6,6,O,10,0,0,1,20,2
108,9,9,6,O,10,0,0,1,20,3
109,8,8,6,O,10,0,0,1,20,2
110,7,7,6,O,10,0,0,1,20,2
111,12,4,6,O,10,0,0,1,20,2
112,3,3,6,O,2,0,0,1,20,2
113,5,5,6,O,2,0,0,1,20,2
114,19,8,6,O,2,0,0,1,20,2
115,2,2,6,O,2,0,0,1,20,2
116,4,4,8,O,2,0,0,1,20,45
117,3,3,8,O,2,0,0,1,20,7
118,2,2,8,O,2,0,0,1,20,6
119,10,5,8,O,2,0,0,1,20,6
120,2,2,8,O,2,2,2,1,20,6
121,3,3,8,O,2,3,3,1,20,6
122,2,2,8,O,2,2,2,1,20,6
123,5,5,8,O,2,5,5,1,20,2
124,4,4,8,O,2,4,4,1,20,2
125,7,7,8,O,2,7,7,1,20,2
126,1,1,8,O,3,1,1,1,20,2
127,0,0,8,O,3,0,0,0,20,2
128,2,2,0,O,3,2,2,0,20,2
129,1,1,0,O,2,1,0,0,20,2
130,3,3,0,O,2,3,0,0,20,2
131,4,4,0,O,2,4,0,0,20,2
132,6,6,0,O,2,6,0,0,20,2
133,5,5,0,O,2,5,0,0,20,2
134,4,4,0,O,2,4,0,0,20,47
135,7,7,4,O,2,7,0,4,20,35
136,1,1,4,O,3,1,0,4,20,35
137,0,0,4,O,2,0,0,4,20,35
138,2,2,4,O,2,2,0,4,20,22
139,1,1,4,O,2,1,0,4,20,12
140,3,3,4,O,2,3,0,4,20,2
141,4,4,4,O,2,4,0,4,20,2
142,6,6,4,O,2,6,0,4,20,2
143,2,2,4,O,2,2,0,4,20,2
144,1,1,4,O,45,1,0,4,20,2
145,3,3,4,O,7,3,0,4,20,2
146,4,4,4,O,6,4,0,4,20,2
147,7,7,4,O,6,7,0,4,20,2
148,8,8,4,O,6,0,0,4,20,2
149,10,7,4,O,6,0,0,4,20,2
150,1,1,4,O,6,0,0,4,20,2
151,3,3,4,O,2,0,0,4,20,2
152,2,2,4,O,2,0,0,4,20,2
153,1,1,4,O,2,0,0,4,20,45
154,1,1,4,O,2,0,0,4,20,45
155,2,2,4,O,2,0,0,4,20,35
156,3,3,4,O,2,0,0,4,20,30
157,5,5,4,O,2,0,0,4,20,25
158,4,4,4,O,2,0,0,4,20,10
159,6,6,4,O,2,0,0,4,20,2
160,1,1,4,O,2,0,0,4,20,2
161,2,2,4,O,2,0,0,4,20,2
162,15,5,0,O,47,0,0,0,20,2
163,2,2,0,O,35,0,0,0,20,2
164,3,3,0,O,35,0,0,0,20,2
165,2,2,0,O,35,0,0,0,20,2
166,1,1,0,O,22,0,0,0,20,2
167,3,3,0,O,12,0,0,0,20,2
168,5,5,0,O,2,0,0,0,20,2
169,4,4,0,O,2,0,0,0,20,2
170,6,6,0,O,2,6,6,0,20,2
171,9,9,0,O,2,9,9,0,20,2
172,8,8,0,O,2,8,8,0,20,2
173,7,7,0,O,2,7,2,0,20,2
174,12,2,0,O,2,0,0,0,20,2
175,3,3,0,O,2,0,0,0,20,2
176,5,5,0,O,2,0,0,0,20,2
177,19,0,0,O,2,0,0,0,20,2
178,2,2,0,O,2,0,0,0,20,2
179,4,4,0,O,2,0,0,0,20,2
180,3,3,0,O,2,0,0,0,20,2
181,2,2,0,O,45,0,0,0,20,2
182,10,0,0,O,45,0,0,0,20,2
183,6,6,0,O,35,0,0,0,20,2
184,9,9,0,O,30,0,0,0,20,2
185,8,8,0,O,25,0,0,0,20,2
186,7,7,0,O,10,0,0,0,20,40
187,12,9,0,O,2,0,0,0,20,36
188,12,8,0,O,2,0,0,0,20,20
189,3,3,0,O,2,0,0,0,20,44
190,5,5,0,O,2,0,0,0,20,30
191,19,5,0,O,2,0,0,0,20,32
192,2,2,0,O,2,0,0,0,20,27
193,4,4,0,O,2,0,0,0,20,18
194,3,3,0,O,2,0,0,0,20,20
195,2,2,0,O,2,0,0,0,20,23
196,10,6,0,O,2,10,6,0,20,27
197,6,6,0,O,2,6,6,0,20,18
198,9,9,0,O,2,9,9,0,20,19
199,8,8,0,O,2,8,8,0,20,20
200,7,7,0,O,2,7,7,0,20,21
201,12,7,0,O,2,0,0,0,20,22
202,3,3,0,O,2,0,0,0,20,23
203,5,5,0,O,2,0,0,0,20,24
204,19,8,0,O,2,0,0,0,20,25
205,2,2,0,O,2,0,0,0,20,26
206,4,4,0,O,2,0,0,0,20,27
207,3,3,0,O,2,0,0,0,20,28
208,2,2,0,O,2,0,0,0,20,18
209,10,1,0,O,2,0,0,0,20,20
210,2,2,0,O,2,0,0,0,20,14
211,3,3,0,O,2,0,0,0,20,11
212,2,2,0,O,2,0,0,0,20,12
213,5,5,0,O,2,0,0,0,20,13
214,4,4,0,O,2,0,0,0,20,14
215,7,7,3,O,10,0,0,3,20,15
216,1,1,3,O,11,0,0,3,20,16
217,0,0,3,O,12,0,0,3,20,17
218,2,2,3,O,13,0,0,3,20,18
219,1,1,3,O,14,0,0,3,20,19
220,3,3,3,O,15,0,0,3,20,20
221,4,4,3,O,16,0,0,3,20,21
222,6,6,3,O,17,0,0,3,20,22
223,5,5,3,O,18,5,5,3,20,23
224,4,4,3,O,19,4,4,3,20,24
225,7,7,3,O,20,7,7,3,20,25
226,1,1,3,O,21,1,1,3,20,26
227,0,0,3,O,22,0,0,3,20,23
228,2,2,3,O,23,2,2,3,20,24
229,1,1,3,O,24,1,1,3,20,25
230,3,3,3,O,25,3,3,3,20,26
231,4,4,3,O,26,4,4,3,20,27
232,6,6,3,O,27,6,6,3,20,28
233,2,2,3,O,28,2,2,3,20,18
234,1,1,3,O,3,1,1,3,20,20
235,3,3,3,O,3,3,3,3,20,14
236,4,4,3,O,3,4,4,3,20,11
237,7,7,3,O,3,7,7,3,20,12
238,8,8,3,O,4,8,8,3,20,13
239,10,9,3,O,4,0,0,3,20,14
240,1,1,3,O,4,0,0,3,20,15
241,3,3,3,O,4,0,0,3,20,16
242,2,2,3,O,3,0,0,3,20,17
243,1,1,3,O,3,0,0,3,20,18
244,1,1,3,O,3,0,0,3,20,19
245,2,2,3,O,3,0,0,3,20,20
246,3,3,3,O,3,0,0,3,20,21
247,5,5,3,O,9,0,0,3,20,17
248,4,4,3,O,9,0,0,3,20,14
249,6,6,3,O,9,0,0,3,20,2
250,1,1,3,O,9,0,0,3,20,3
251,2,2,3,O,9,0,0,3,20,5
252,15,15,3,O,9,0,0,3,20,4
253,2,2,3,O,9,0,0,3,20,8
254,3,3,3,O,9,0,0,3,20,9
255,2,2,3,O,9,0,0,3,20,12
256,1,1,3,O,2,0,0,3,20,18
257,3,3,3,O,2,0,0,3,20,23
258,5,5,3,O,2,0,0,3,20,24
259,4,4,3,O,2,0,0,3,20,25
260,6,6,3,O,2,0,0,3,20,26
261,9,9,3,O,2,9,9,3,20,27
262,8,8,3,O,2,8,8,3,20,28
263,7,7,3,O,2,7,7,3,20,18
264,12,12,3,O,2,0,0,3,20,20
265,3,3,3,O,2,0,0,3,20,14
266,5,5,3,O,2,0,0,3,20,11
267,19,19,3,O,2,0,0,3,20,12
268,2,2,3,O,2,0,0,3,20,13
269,4,4,3,O,2,0,0,3,20,14
270,3,3,3,O,2,0,0,3,20,15
271,2,2,3,O,2,0,0,3,20,16
272,10,10,3,O,2,0,0,3,20,17
273,6,6,3,O,2,0,0,3,20,18
274,9,9,3,O,2,0,0,3,20,19
275,8,8,3,O,2,0,0,3,20,20
276,7,7,3,O,2,0,0,3,20,21
277,12,12,3,O,2,0,0,3,20,47
278,4,4,3,O,2,0,0,3,20,35
279,3,3,3,O,2,0,0,3,20,35
280,2,2,3,O,2,0,0,3,20,35
281,10,10,3,O,2,0,0,3,20,22
282,6,6,3,O,2,0,0,3,20,12
283,9,9,3,O,2,0,0,3,20,2
284,8,8,3,O,2,0,0,3,20,2
285,7,7,3,O,2,0,0,3,20,2
286,12,12,3,O,2,0,0,3,20,2
287,3,3,3,O,2,0,0,3,20,2
288,5,5,3,O,2,0,0,3,20,2
289,4,4,3,O,2,0,0,3,20,2
290,6,6,3,O,2,0,0,3,20,2
291,9,9,3,O,2,0,0,3,20,2
292,8,8,3,O,2,0,0,3,20,2
293,7,7,3,O,2,0,0,3,20,2
294,12,12,3,O,2,0,0,3,20,2
295,3,3,3,O,2,0,0,3,20,2
296,5,5,3,O,2,0,0,3,20,45
297,19,19,3,O,2,0,0,3,20,45
298,2,2,3,O,2,0,0,3,20,35
299,4,4,3,O,2,0,0,3,20,30
300,3,3,3,O,2,0,0,3,20,25
301,2,2,3,O,2,0,0,3,20,10
302,10,10,3,O,2,0,0,3,20,2
303,6,6,3,O,2,0,0,3,20,2
304,9,9,3,O,2,0,0,3,20,2
305,8,8,3,O,2,0,0,3,20,2
306,7,7,3,O,2,0,0,3,20,2
307,12,12,3,O,2,0,0,3,20,2
308,3,3,3,O,2,3,3,3,20,2
309,5,5,3,O,10,5,5,3,20,2
310,19,19,3,O,10,0,0,3,20,2
311,2,2,3,O,10,0,0,3,20,2
312,4,4,3,O,10,0,0,3,20,2
313,3,3,3,O,10,0,0,3,20,2
314,2,2,3,O,10,0,0,3,20,2
315,10,10,3,O,2,0,0,3,20,2
316,2,2,3,O,2,0,0,3,20,2
317,3,3,3,O,2,0,0,3,20,2
318,2,2,3,O,2,0,0,3,20,2
319,5,5,3,O,2,0,0,3,20,2
320,4,4,3,O,2,0,0,3,20,2
321,7,7,3,O,2,0,0,3,20,2
322,1,1,3,O,2,0,0,3,20,2
323,0,0,3,O,2,0,0,3,20,2
324,2,2,3,O,2,0,0,3,20,2
325,1,1,3,O,2,0,0,3,20,2
326,3,3,3,O,2,0,0,3,20,2
327,4,4,3,O,2,0,0,3,20,2
328,6,6,3,O,2,0,0,3,20,2
329,5,5,3,O,3,0,0,3,20,40
330,4,4,3,O,3,0,0,3,20,36
331,7,7,3,O,3,0,0,3,20,20
332,1,1,3,O,2,1,0,3,20,44
333,0,0,3,O,2,0,0,3,20,30
334,2,2,3,O,2,2,0,3,20,32
335,1,1,3,O,2,1,0,3,20,27
336,3,3,3,O,2,3,3,3,20,18
337,4,4,3,O,2,4,4,3,20,20
338,6,6,3,O,2,6,6,3,20,23
339,2,2,3,O,3,2,2,3,20,27
340,1,1,3,O,2,1,1,3,20,18
341,3,3,3,O,2,3,3,3,20,19
342,4,4,3,O,2,4,4,3,20,20
343,7,7,3,O,2,7,7,3,20,21
344,8,8,3,O,2,8,8,3,20,22
345,10,10,3,O,2,10,10,3,20,23
346,1,1,3,O,2,1,1,3,20,24
347,3,3,3,O,45,3,3,3,20,25
348,2,2,3,O,7,2,2,3,20,26
349,1,1,3,O,6,1,1,3,20,27
350,1,1,3,O,6,1,1,3,20,28
351,2,2,3,O,6,2,2,3,20,18
352,3,3,3,O,6,3,3,3,20,20
353,5,5,3,O,6,5,5,3,20,14
354,4,4,3,O,2,4,4,3,20,11
355,6,6,3,O,2,6,6,3,20,12
356,1,1,3,O,2,1,1,3,20,13
357,2,2,3,O,2,2,2,3,20,14
358,15,15,3,O,2,15,15,3,20,15
359,2,2,3,O,2,2,2,3,20,16
360,3,3,3,O,2,3,3,3,20,17
361,2,2,3,O,2,2,2,3,20,18
362,1,1,3,O,2,1,1,3,20,19
363,3,3,3,O,2,3,3,3,20,20
364,5,5,3,O,2,5,5,3,20,21
365,4,4,3,O,47,4,4,3,20,22
366,6,6,3,O,35,6,6,3,20,23
367,9,9,3,O,35,9,9,3,20,24
368,8,8,3,O,35,8,8,3,20,25
369,7,7,3,O,22,7,7,3,20,26
370,12,12,3,O,12,0,12,3,20,23
371,3,3,3,O,2,0,3,3,20,24
372,5,5,3,O,2,0,5,3,20,25
373,19,19,3,O,2,0,19,3,20,26
374,2,2,3,O,2,0,2,3,20,27
375,4,4,3,O,2,0,4,3,20,28
376,3,3,3,O,2,0,3,3,20,18
377,2,2,3,O,2,0,2,3,20,20
378,10,10,3,O,2,0,10,3,20,14
379,6,6,3,O,2,0,6,3,20,11
380,9,9,3,O,2,0,9,3,20,12
381,8,8,3,O,2,0,8,3,20,13
382,7,7,3,O,2,0,7,3,20,14
383,12,12,3,O,2,0,12,3,20,15
384,12,12,3,O,45,0,12,3,20,16
385,3,3,3,O,45,0,3,3,20,17
386,5,5,3,O,35,0,5,3,20,18
387,19,19,3,O,30,0,19,3,20,19
388,2,2,3,O,25,0,2,3,20,20
389,4,4,3,O,10,0,4,3,20,21
390,3,3,3,O,2,0,3,3,20,17
391,2,2,3,O,2,0,2,3,20,14
392,10,10,3,O,2,10,10,3,20,2
393,6,6,3,O,2,6,6,3,20,3
394,9,9,3,O,2,9,9,3,20,5
395,8,8,3,O,2,8,8,3,20,4
396,7,7,3,O,2,7,7,3,20,8
397,12,12,3,O,2,12,12,3,20,9
398,3,3,3,O,2,3,3,3,20,12
399,5,5,3,O,2,5,5,3,20,18
400,19,19,3,O,2,0,0,3,20,23
401,2,2,3,O,2,0,0,3,20,24
402,4,4,3,O,2,0,0,3,20,25
403,3,3,3,O,2,0,0,3,20,26
404,2,2,3,O,2,0,0,3,20,27
405,10,10,3,O,2,0,0,3,20,28
406,2,2,3,O,2,0,0,3,20,18
407,3,3,3,O,2,0,0,3,20,20
408,2,2,3,O,2,0,0,3,20,14
409,5,5,3,O,3,0,0,3,20,11
410,4,4,3,O,5,0,0,3,20,12
411,7,7,3,O,12,0,0,3,20,13
412,1,1,3,O,2,0,0,3,20,14
413,0,0,3,O,4,0,0,3,20,15
414,2,2,3,O,3,0,0,3,20,16
415,1,1,3,O,2,0,0,3,20,17
416,3,3,3,O,6,0,0,3,20,18
417,4,4,3,O,6,0,0,3,20,19
418,6,6,3,O,9,0,0,3,20,20
419,5,5,3,O,8,0,0,3,20,21
420,4,4,3,O,7,0,0,3,20,44
421,7,7,3,O,8,0,0,3,20,30
422,1,1,3,O,3,1,0,3,20,32
423,0,0,3,O,5,0,0,3,20,27
424,2,2,3,O,9,2,2,3,20,18
425,1,1,3,O,2,1,1,3,20,20
426,3,3,3,O,4,3,3,3,20,23
427,4,4,3,O,3,4,4,3,20,27
428,6,6,3,O,2,6,6,3,20,18
429,2,2,3,O,1,2,2,3,20,19
430,1,1,3,O,2,1,1,3,20,20
431,3,3,3,O,3,3,3,3,20,21
432,4,4,3,O,2,4,4,3,20,22
433,7,7,3,O,5,7,7,3,20,23
434,8,8,3,O,4,8,8,3,20,24
435,10,10,3,O,7,10,10,3,20,25
436,1,1,3,O,1,1,1,3,20,26
437,3,3,3,O,0,3,3,3,20,27
438,2,2,3,O,2,2,2,3,20,28
439,1,1,3,O,1,1,1,3,20,18
440,1,1,3,O,3,1,1,3,20,20
441,2,2,3,O,4,2,2,3,20,14
442,3,3,3,O,6,3,3,3,20,11
443,5,5,3,O,5,5,5,3,20,12
444,4,4,3,O,4,4,4,3,20,13
445,6,6,3,O,7,6,6,3,20,14
446,1,1,3,O,1,1,1,3,20,15
447,2,2,3,O,0,2,2,3,20,16
448,15,15,3,O,2,15,14,3,20,17
449,2,2,3,O,1,2,2,3,20,18
450,3,3,3,O,3,3,3,3,20,19
451,2,2,3,O,4,2,2,3,20,20
452,1,1,3,O,6,1,1,3,20,21
453,3,3,3,O,2,3,3,3,20,22
454,5,5,3,O,1,5,5,3,20,23
455,4,4,3,O,3,4,4,3,20,24
456,6,6,3,O,4,6,6,3,20,25
457,9,9,3,O,7,9,9,3,20,26
458,8,8,3,O,8,8,8,3,20,23
459,7,7,3,O,5,7,7,3,20,24
460,12,12,3,O,1,12,2,3,20,25
461,3,3,3,O,3,3,3,3,20,26
462,5,5,3,O,2,5,5,3,20,27
463,19,19,3,O,1,19,9,3,20,28
464,2,2,3,O,1,2,2,3,20,18
465,4,4,3,O,2,4,4,3,20,20
466,3,3,3,O,3,3,3,3,20,14
467,2,2,3,O,5,2,2,3,20,11
468,10,10,3,O,4,10,10,3,20,12
469,0,0,3,O,6,0,0,3,20,13
470,0,0,3,O,1,0,0,3,20,14
471,0,0,3,O,2,0,0,3,20,3
472,0,0,3,O,15,0,0,3,20,4
473,0,0,3,O,2,0,0,3,20,5
474,0,0,3,O,3,0,0,3,20,6
475,0,0,3,O,2,0,0,3,20,7
476,0,0,3,O,1,0,0,3,20,8
477,0,0,3,O,3,0,0,3,20,9
478,0,0,3,O,5,0,0,3,20,10
479,0,0,3,O,4,0,0,3,20,11
480,0,0,3,O,6,0,0,3,20,12
481,0,0,3,O,9,0,0,3,20,13
482,0,0,3,O,8,0,0,3,20,14
483,0,0,3,O,7,0,0,3,20,15
484,0,0,3,O,6,0,0,3,20,16
485,0,0,3,O,3,0,0,3,20,17
486,0,0,3,O,5,0,0,3,20,18
487,0,0,3,O,7,0,0,3,20,19
488,0,0,3,O,2,0,0,3,20,20
489,0,0,3,O,4,0,0,3,20,21
490,0,0,3,O,3,0,0,3,20,22
491,0,0,3,O,2,0,0,3,20,23
492,0,0,3,O,8,0,0,3,20,24
493,0,0,3,O,6,0,0,3,20,25
494,0,0,3,O,9,0,0,3,20,26
495,0,0,3,O,8,0,0,3,20,27
496,0,0,3,O,7,0,0,3,20,28
497,0,0,3,O,1,0,0,3,20,7
498,0,0,3,O,3,0,0,3,20,7
499,0,0,3,O,5,0,0,3,20,7
500,0,0,3,O,4,0,0,3,20,3
501,0,0,3,O,6,0,0,3,20,3
502,0,0,3,O,9,0,0,3,20,3
503,0,0,3,O,8,0,0,3,20,3
504,0,0,3,O,7,0,0,3,20,3
505,0,0,3,O,10,0,0,3,20,4
506,0,0,3,O,3,0,0,3,20,4
507,0,0,3,O,5,0,0,3,20,4
508,0,0,3,O,2,0,0,3,20,4
509,0,0,3,O,2,0,0,3,20,3
510,0,0,3,O,4,0,0,3,20,3
511,0,0,3,O,3,0,0,3,20,3
512,0,0,3,O,2,0,0,3,20,3
513,0,0,3,O,9,0,0,3,20,3
514,0,0,3,O,6,0,0,3,20,9
515,0,0,3,O,9,0,0,3,20,9
516,0,0,3,O,8,0,0,3,20,9
517,0,0,3,O,7,0,0,3,20,9
518,0,0,3,O,4,0,0,3,20,9
519,0,0,3,O,3,0,0,3,20,9
520,0,0,3,O,5,0,0,3,20,9
521,0,0,3,O,8,0,0,3,20,9
522,0,0,3,O,2,0,0,3,20,9
523,0,0,3,O,4,0,0,3,20,2
524,0,0,3,O,3,0,0,3,20,2
525,0,0,3,O,2,0,0,3,20,2
526,0,0,3,O,5,0,0,3,20,2
527,0,0,3,O,2,0,0,3,20,2
528,0,0,3,O,3,0,0,3,20,2
529,0,0,3,O,2,0,0,3,20,2
530,0,0,3,O,5,0,0,3,20,2
531,0,0,3,O,4,0,0,3,20,2
532,0,0,3,O,7,0,0,3,20,2
533,0,0,3,O,1,0,0,3,20,2
534,0,0,3,O,0,0,0,3,20,2
535,0,0,3,O,2,0,0,3,20,2
536,0,0,3,O,1,0,0,3,20,2
537,0,0,3,O,3,0,0,3,20,2
538,0,0,3,O,4,0,0,3,20,2
539,0,0,3,O,6,0,0,3,20,2
540,0,0,3,O,5,0,0,3,20,2
541,0,0,3,O,4,0,0,3,20,2
542,0,0,3,O,7,0,0,3,20,2
543,0,0,3,O,1,0,0,3,20,2
544,0,0,3,O,0,0,0,3,20,2
545,0,0,3,O,2,0,0,3,20,2
546,0,0,3,O,1,0,0,3,20,2
547,1,1,3,O,3,1,1,3,20,2
548,2,2,3,O,4,2,2,3,20,2
549,5,5,3,O,6,5,5,3,20,2
550,7,7,3,O,2,7,7,3,20,2
551,4,4,3,O,1,4,4,3,20,4
552,3,3,3,O,3,3,3,3,20,4
553,2,2,3,O,4,2,2,3,20,4
554,10,10,3,O,7,10,1,3,20,4
555,6,6,3,O,8,6,6,3,20,4
556,9,9,3,O,7,9,9,3,20,4
557,8,8,3,O,1,8,8,3,20,4
558,7,7,3,O,3,7,7,3,20,4
559,12,12,3,O,2,12,6,3,20,4
560,3,3,3,O,1,3,3,3,20,4
561,5,5,3,O,1,5,5,3,20,4
562,19,19,3,O,2,19,8,3,20,4
563,2,2,3,O,3,2,2,3,20,4
564,4,4,3,O,5,4,4,3,20,4
565,3,3,3,O,4,3,3,3,20,4
566,2,2,3,O,6,2,2,3,20,4
567,10,10,3,O,1,10,10,3,20,4
568,2,2,3,O,2,2,2,3,20,4
569,3,3,3,O,5,3,3,3,20,4
570,2,2,3,O,2,2,2,3,20,4
571,5,5,3,O,3,5,5,3,20,4
572,4,4,2,O,2,4,4,2,20,4
573,7,7,2,O,1,7,7,2,20,4
574,1,1,2,O,3,1,1,2,20,4
575,0,0,2,O,5,0,0,2,20,4
576,2,2,2,O,4,2,2,2,20,4
577,1,1,2,O,6,1,1,2,20,4
578,3,3,2,O,9,3,3,2,20,4
579,4,4,2,O,8,4,4,2,20,4
580,6,6,2,O,7,6,6,2,20,4
581,5,5,2,O,2,5,5,2,20,4
582,4,4,2,O,3,4,4,2,20,4
583,7,7,2,O,5,7,7,2,20,4
584,1,1,2,O,0,1,1,2,20,4
585,0,0,2,O,2,0,0,2,20,4
586,2,2,2,O,4,2,2,2,20,4
587,1,1,2,O,3,1,1,2,20,4
588,3,3,2,O,2,3,3,2,20,4
589,4,4,2,O,0,4,4,2,20,4
590,6,6,2,O,6,6,6,2,20,4
591,2,2,2,O,9,2,2,2,20,4
592,1,1,2,O,8,1,1,2,20,4
593,3,3,2,O,7,3,3,2,20,4
594,4,4,2,O,9,4,4,2,20,4
595,7,7,2,O,8,7,7,2,20,4
596,8,8,2,O,3,8,8,2,20,4
597,10,10,2,O,5,10,10,2,20,4
598,1,1,2,O,5,1,1,2,20,4
599,3,3,2,O,2,3,3,2,20,4
600,2,2,2,O,4,2,2,2,20,4
601,1,1,2,O,3,1,1,2,20,4
602,1,1,2,O,2,1,1,2,20,4
603,2,2,2,O,6,2,2,2,20,4
604,3,3,2,O,6,3,3,2,20,4
605,5,5,2,O,9,5,5,2,20,4
606,4,4,2,O,8,4,4,2,20,4
607,6,6,2,O,7,6,6,2,20,4
608,1,1,2,O,7,1,1,2,20,4
609,2,2,2,O,3,2,2,2,20,4
610,15,15,2,O,5,15,15,2,20,4
611,2,2,2,O,8,2,2,2,20,4
612,3,3,2,O,2,3,3,2,20,4
613,2,2,2,O,4,2,2,2,20,4
614,1,1,2,O,3,1,1,2,20,4
615,3,3,2,O,2,3,3,2,20,4
616,5,5,2,O,1,5,5,2,20,4
617,4,4,2,O,2,4,4,2,20,4
618,6,6,2,O,3,6,6,2,20,4
619,9,9,2,O,2,9,9,2,20,4
620,8,8,2,O,5,8,8,2,20,4
621,7,7,2,O,4,7,7,2,20,4
622,12,12,2,O,7,12,12,2,20,4
623,3,3,2,O,1,3,3,2,20,4
624,5,5,2,O,0,5,5,2,20,4
625,19,19,2,O,2,19,19,2,20,4
626,2,2,2,O,1,2,2,2,20,4
627,4,4,2,O,3,4,4,2,20,4
628,3,3,2,O,4,3,3,2,20,4
629,2,2,2,O,6,2,2,2,20,4
630,10,10,2,O,5,10,10,2,20,4
631,6,6,2,O,4,6,6,2,20,4
632,9,9,2,O,7,9,9,2,20,4
633,8,8,2,O,1,8,8,2,20,4
634,7,7,2,O,0,7,7,2,20,4
635,12,12,2,O,2,12,12,2,20,4
636,3,3,2,O,1,3,3,2,20,4
637,5,5,2,O,3,5,5,2,20,4
638,4,4,2,O,4,4,4,2,20,4
639,6,6,2,O,6,6,6,2,20,4
640,9,9,2,O,2,9,9,2,20,4
641,8,8,2,O,1,8,8,2,20,4
642,7,7,2,O,3,7,7,2,20,4
643,12,12,2,O,4,12,12,2,20,4
644,3,3,2,O,7,3,3,2,20,4
645,5,5,2,O,8,5,5,2,20,4
646,19,19,2,O,9,19,19,2,20,4
647,2,2,2,O,1,2,2,2,20,4
648,4,4,2,O,3,4,4,2,20,4
649,3,3,2,O,2,3,3,2,20,4
650,4,4,2,O,1,4,4,2,20,4
651,3,3,2,O,1,3,3,2,20,4
652,2,2,2,O,2,2,2,2,20,4
653,10,10,2,O,3,10,10,2,20,4
654,6,6,2,O,5,6,6,2,20,4
655,9,9,2,O,4,9,9,2,20,4
656,8,8,2,O,6,8,8,2,20,4
657,7,7,2,O,1,7,7,2,20,4
658,12,12,2,O,2,12,12,2,20,4
659,3,3,2,O,15,3,3,2,20,4
660,5,5,2,O,2,5,5,2,20,4
661,19,19,2,O,3,19,19,2,20,4
662,2,2,2,O,2,2,2,2,20,4
663,4,4,2,O,1,4,4,2,20,4
664,3,3,2,O,3,3,3,2,20,4
665,2,2,2,O,5,2,2,2,20,4
666,10,10,2,O,4,10,10,2,20,4
667,2,2,2,O,6,2,2,2,20,4
668,3,3,2,O,9,3,3,2,20,4
669,2,2,2,O,8,2,2,2,20,4
670,5,5,2,O,7,5,5,2,20,4
671,4,4,2,O,12,4,4,2,20,4
672,7,7,2,O,3,7,7,2,20,4
673,1,1,2,O,5,1,1,2,20,4
674,0,0,2,O,19,0,0,2,20,4
675,2,2,2,O,2,2,2,2,20,4
676,1,1,2,O,4,1,1,2,21,4
677,3,3,2,O,3,3,3,2,21,4
678,4,4,2,O,2,4,4,2,21,4
679,6,6,2,O,10,6,6,2,21,4
680,5,5,2,O,6,5,5,2,21,4
681,4,4,2,O,9,4,4,2,21,4
682,7,7,2,O,8,7,7,2,21,4
683,1,1,2,O,7,1,1,2,21,4
684,0,0,2,O,12,0,0,2,21,4
685,2,2,2,O,4,2,2,2,21,4
686,1,1,2,O,3,1,1,2,21,4
687,3,3,2,O,2,3,3,2,21,4
688,4,4,2,O,10,4,4,2,21,4
689,6,6,2,O,6,6,6,2,20,4
690,2,2,2,O,9,2,2,2,20,4
691,1,1,2,O,8,1,1,2,20,4
692,3,3,2,O,7,3,3,2,20,4
693,4,4,2,O,12,4,4,2,20,4
694,7,7,2,O,3,7,7,2,20,4
695,8,8,2,O,5,8,8,2,20,4
696,10,10,9,O,4,10,10,3,20,4
697,1,1,4,O,6,1,1,4,20,4
698,3,3,4,O,9,3,3,4,20,4
699,2,2,4,O,8,2,2,4,20,4
700,1,1,4,O,7,1,1,4,20,4
701,1,1,4,O,12,1,1,4,20,4
702,2,2,4,O,3,2,2,4,20,4
703,3,3,4,O,5,3,3,4,20,4
704,5,5,4,O,19,5,5,4,20,4
705,4,4,4,O,2,4,4,4,20,4
706,6,6,4,O,4,6,6,4,20,4
707,1,1,4,O,3,1,1,4,20,4
708,2,2,4,O,2,2,2,4,20,4
709,15,15,4,O,10,15,15,4,20,4
710,2,2,4,O,6,2,2,4,20,4
711,3,3,4,O,9,3,3,4,20,4
712,2,2,4,O,8,2,2,4,20,4
713,1,1,4,O,7,1,1,4,20,4
714,3,3,4,O,12,3,3,4,20,4
715,5,5,4,O,3,5,5,4,20,4
716,4,4,4,O,5,4,4,4,20,4
717,6,6,4,O,19,6,6,4,20,4
718,9,9,4,O,2,9,9,4,20,4
719,8,8,4,O,4,8,8,4,20,4
720,7,7,4,O,3,7,7,4,20,4
721,12,12,4,O,2,12,12,4,20,4
722,3,3,4,O,10,3,3,4,20,4
723,5,5,4,O,2,5,5,4,20,4
724,19,19,4,O,3,19,19,4,20,4
725,2,2,4,O,2,2,2,4,20,4
726,4,4,4,O,5,4,4,4,20,4
727,3,3,4,O,4,3,3,4,20,4
728,2,2,4,O,7,2,2,4,20,4
729,10,10,4,O,1,10,10,4,20,4
730,6,6,4,O,0,6,6,4,20,4
731,9,9,4,O,2,9,9,4,20,4
732,8,8,4,O,1,8,8,4,20,4
733,7,7,4,O,3,7,7,4,20,4
734,12,12,4,O,4,12,12,4,20,4
735,3,3,4,O,6,3,3,4,20,4
736,5,5,10,O,5,5,5,5,20,4
737,4,4,10,O,4,4,4,5,20,4
738,6,6,10,O,7,6,6,5,20,4
739,9,9,10,O,1,9,9,5,20,4
740,8,8,10,O,0,8,8,5,20,4
741,7,7,10,O,2,7,7,5,20,20
742,12,12,10,O,1,12,12,5,20,44
743,3,3,10,O,3,3,3,5,20,30
744,5,5,10,O,4,5,5,5,20,32
745,19,19,10,O,6,19,19,5,20,27
746,2,2,10,O,2,2,2,5,20,18
747,4,4,10,O,1,4,4,5,20,20
748,3,3,10,O,3,3,3,5,20,23
749,0,0,9,O,4,0,0,5,20,27
750,0,0,9,O,7,0,0,5,20,18
751,0,0,9,O,8,0,0,5,20,19
752,0,0,9,O,10,0,0,5,20,20
753,0,0,9,O,1,0,0,5,20,21
754,0,0,9,O,3,0,0,5,20,22
755,0,0,9,O,2,0,0,5,20,23
756,0,0,9,O,1,0,0,5,20,24
757,0,0,9,O,1,0,0,5,20,25
758,0,0,9,O,2,0,0,5,20,26
759,0,0,9,O,3,0,0,5,20,27
760,0,0,9,O,5,0,0,5,20,28
761,0,0,9,O,4,0,0,5,20,18
762,0,0,9,O,6,0,0,5,20,20
763,0,0,9,O,1,0,0,5,20,14
764,0,0,9,O,2,0,0,5,20,11
765,0,0,9,O,15,0,0,5,20,12
766,0,0,9,O,2,0,0,5,20,13
767,0,0,9,O,3,0,0,5,20,14
768,0,0,9,O,2,0,0,5,20,15
769,0,0,9,O,1,0,0,5,20,16
770,0,0,9,O,3,0,0,5,20,17
771,0,0,9,O,5,0,0,5,20,18
772,0,0,9,O,4,0,0,5,20,19
773,0,0,9,O,6,0,0,5,20,20
774,0,0,9,O,9,0,0,5,20,21
775,0,0,9,O,8,0,0,5,20,22
776,0,0,9,O,7,0,0,5,20,23
777,0,0,9,O,12,0,0,5,20,24
778,0,0,9,O,3,0,0,5,20,25
779,0,0,9,O,5,0,0,5,20,26
780,0,0,9,O,19,0,0,5,20,23
781,0,0,9,O,2,0,0,5,20,24
782,0,0,9,O,4,0,0,5,20,25
783,0,0,9,O,3,0,0,5,20,26
784,0,0,9,O,2,0,0,5,20,27
785,0,0,9,O,10,0,0,5,20,28
786,0,0,9,O,6,0,0,5,20,18
787,0,0,9,O,9,0,0,5,20,20
788,0,0,9,O,8,0,0,5,20,14
789,0,0,9,O,7,0,0,5,20,11
790,0,0,9,O,12,0,0,5,20,12
791,0,0,9,O,12,0,0,5,20,13
792,0,0,9,O,3,0,0,5,20,14
793,0,0,9,O,5,0,0,5,20,3
794,0,0,9,O,19,0,0,5,20,4
795,0,0,9,O,2,0,0,5,20,5
796,0,0,9,O,4,0,0,5,20,6
797,0,0,9,O,3,0,0,5,20,7
798,0,0,9,O,2,0,0,5,20,8
799,0,0,9,O,10,0,0,5,20,9
800,0,0,9,O,6,0,0,5,20,10
801,0,0,9,O,9,0,0,5,20,11
802,0,0,9,O,8,0,0,5,20,12
803,0,0,9,O,7,0,0,5,20,13
804,0,0,9,O,12,0,0,5,20,14
805,0,0,9,O,3,0,0,5,20,15
806,0,0,9,O,5,0,0,5,20,16
807,0,0,9,O,19,0,0,5,20,17
808,0,0,9,O,2,0,0,5,20,18
809,0,0,9,O,4,0,0,5,20,19
810,0,0,9,O,3,0,0,5,20,20
811,0,0,9,O,2,0,0,5,20,21
812,0,0,9,O,10,0,0,5,20,22
813,0,0,9,O,2,0,0,5,20,23
814,0,0,9,O,3,0,0,5,20,24
815,0,0,9,O,2,0,0,5,20,25
816,0,0,9,O,5,0,0,5,20,26
817,0,0,9,O,4,0,0,5,20,27
818,0,0,9,O,7,0,0,5,20,28
819,0,0,9,O,1,0,0,5,20,7
820,0,0,9,O,0,0,0,5,20,7
821,0,0,9,O,2,0,0,5,20,7
822,0,0,9,O,1,0,0,5,20,3
823,0,0,9,O,3,0,0,5,20,3
824,0,0,9,O,4,0,0,5,20,3
825,0,0,9,O,6,0,0,5,20,3
826,0,0,9,O,5,0,0,5,20,3
827,0,0,9,O,4,0,0,5,20,4
828,0,0,9,O,7,0,0,5,20,4
829,0,0,9,O,1,0,0,5,20,4
830,0,0,9,O,0,0,0,5,21,4
831,0,0,9,O,2,0,0,5,21,3
832,0,0,9,O,1,0,0,5,21,3
833,0,0,9,O,3,0,0,5,21,3
834,0,0,9,O,4,0,0,5,21,3
835,0,0,9,O,6,0,0,5,21,3
836,0,0,9,O,2,0,0,5,21,9
837,0,0,9,O,1,0,0,5,21,9
838,0,0,9,O,3,0,0,5,21,9
839,0,0,9,O,4,0,0,5,21,9
840,0,0,9,O,7,0,0,5,21,9
841,0,0,9,O,8,0,0,5,21,9
842,0,0,9,O,10,0,0,5,21,9
843,0,0,9,O,1,0,0,5,21,9
844,0,0,9,O,3,0,0,5,21,9
845,0,0,9,O,2,0,0,5,21,2
846,0,0,9,O,1,0,0,5,21,2
847,0,0,9,O,1,0,0,5,21,2
848,0,0,9,O,2,0,0,5,21,2
849,0,0,9,O,3,0,0,5,21,2
850,0,0,9,O,5,0,0,5,21,2
851,0,0,9,O,4,0,0,5,21,2
852,0,0,9,O,6,0,0,5,21,2
853,0,0,9,O,1,0,0,5,21,2
854,0,0,9,O,2,0,0,5,21,2
855,0,0,9,O,15,0,0,5,21,2
856,0,0,9,O,2,0,0,5,21,2
857,0,0,9,O,3,0,0,5,21,2
858,0,0,9,O,2,0,0,5,21,2
859,0,0,9,O,1,0,0,5,21,2
860,0,0,9,O,3,0,0,5,21,2
861,0,0,9,O,5,0,0,5,21,2
862,0,0,9,O,4,0,0,5,21,2
863,0,0,9,O,6,0,0,5,21,2
864,0,0,9,O,9,0,0,5,21,2
865,0,0,9,O,8,0,0,5,21,2
866,0,0,9,O,7,0,0,5,21,2
867,0,0,9,O,12,0,0,5,21,2
868,0,0,9,O,3,0,0,5,21,2
869,0,0,9,O,5,0,0,5,21,2
870,0,0,9,O,19,0,0,5,21,2
871,0,0,9,O,2,0,0,5,21,2
872,0,0,9,O,4,0,0,5,21,2
873,0,0,9,O,3,0,0,5,21,2
874,0,0,9,O,2,0,0,5,21,2
875,0,0,9,O,10,0,0,5,21,2
876,0,0,9,O,0,0,0,5,21,2
877,0,0,9,O,0,0,0,5,21,2
878,0,0,9,O,0,0,0,5,21,2
879,0,0,9,O,0,0,0,5,21,2
880,0,0,9,O,0,0,0,5,21,2
881,0,0,9,O,0,0,0,5,21,2
882,0,0,9,O,0,0,0,5,21,2
883,0,0,9,O,0,0,0,5,21,2
884,0,0,9,O,0,0,0,5,21,2
885,0,0,9,O,0,0,0,5,21,2
886,0,0,9,O,0,0,0,5,21,2
887,0,0,9,O,0,0,0,5,21,2
888,0,0,9,O,0,0,0,5,21,2
889,0,0,9,O,0,0,0,5,21,2
890,0,0,9,O,0,0,0,5,21,2
891,0,0,9,O,0,0,0,5,21,2
892,0,0,9,O,0,0,0,5,21,2
893,0,0,9,O,0,0,0,5,21,2
894,0,0,9,O,0,0,0,5,21,2
895,0,0,9,O,0,0,0,5,21,2
896,0,0,9,O,0,0,0,5,21,2
897,0,0,9,O,0,0,0,5,21,2
898,0,0,9,O,0,0,0,5,21,10
899,0,0,9,O,0,0,0,5,21,10
900,0,0,9,O,0,0,0,5,21,10
901,0,0,9,O,0,0,0,5,21,10
902,0,0,9,O,0,0,0,5,21,10
903,0,0,9,O,0,0,0,5,21,10
904,0,0,9,O,0,0,0,5,21,2
905,0,0,9,O,0,0,0,5,21,2
906,0,0,9,O,0,0,0,5,21,2
907,0,0,9,O,0,0,0,5,21,2
908,0,0,9,O,0,0,0,5,21,2
909,0,0,9,O,0,0,0,5,21,2
910,0,0,9,O,0,0,0,5,21,2
911,0,0,9,O,0,0,0,5,21,2
912,0,0,9,O,0,0,0,5,21,2
913,0,0,9,O,0,0,0,5,21,2
914,0,0,9,O,0,0,0,5,21,2
915,0,0,9,O,0,0,0,5,21,2
916,0,0,9,O,0,0,0,5,21,2
917,0,0,9,O,0,0,0,5,21,2
918,0,0,9,O,0,0,0,5,21,3
919,0,0,9,O,0,0,0,5,21,3
920,0,0,9,O,0,0,0,5,21,3
921,0,0,9,O,0,0,0,5,21,2
922,0,0,9,O,0,0,0,5,21,2
923,0,0,9,O,0,0,0,5,21,2
924,0,0,9,O,0,0,0,5,21,2
925,0,0,9,O,0,0,0,5,21,2
926,0,0,9,O,0,0,0,5,21,2
927,0,0,9,O,0,0,0,5,21,2
928,0,0,9,O,0,0,0,5,21,3
929,0,0,9,O,0,0,0,0,21,2
930,0,0,9,O,0,0,0,0,21,2
931,0,0,9,O,0,0,0,0,21,2
932,0,0,9,O,0,0,0,0,21,2
933,0,0,9,O,0,0,0,0,21,2
934,0,0,9,O,0,0,0,0,21,2
935,0,0,9,O,0,0,0,0,21,2
936,0,0,9,O,0,0,0,0,21,45
937,0,0,9,O,0,0,0,0,21,7
938,0,0,9,O,0,0,0,0,21,6
939,0,0,9,O,0,0,0,0,21,6
940,0,0,9,O,0,0,0,0,21,6
941,0,0,9,O,0,0,0,0,21,6
942,0,0,9,O,0,0,0,0,21,6
943,0,0,9,O,0,0,0,0,21,2
944,0,0,9,O,0,0,0,0,21,2
945,0,0,9,O,0,0,0,0,21,2
946,0,0,9,O,0,0,0,0,21,2
947,0,0,9,O,0,0,0,0,21,2
948,0,0,9,O,0,0,0,0,21,2
949,0,0,9,O,0,0,0,0,21,2
950,0,0,9,O,0,0,0,0,21,2
951,0,0,9,O,0,0,0,0,21,2
952,0,0,9,O,0,0,0,0,21,2
953,0,0,9,O,0,0,0,0,21,2
954,0,0,9,O,1,0,0,0,21,47
955,0,0,9,O,2,0,0,0,21,35
956,0,0,9,O,5,0,0,0,21,35
957,0,0,9,O,7,0,0,0,21,35
958,0,0,9,O,4,0,0,0,21,22
959,0,0,9,O,3,0,0,0,21,12
960,0,0,9,O,2,0,0,0,21,2
961,0,0,9,O,10,0,0,0,21,2
962,0,0,9,O,6,0,0,0,21,2
963,0,0,9,O,9,0,0,0,21,2
964,0,0,9,O,8,0,0,0,21,2
965,0,0,9,O,7,0,0,0,21,2
966,0,0,9,O,12,0,0,0,21,2
967,0,0,9,O,3,0,0,0,21,2
968,0,0,9,O,5,0,0,0,21,2
969,0,0,9,O,19,0,0,0,21,2
970,0,0,9,O,2,0,0,0,21,2
971,0,0,9,O,4,0,0,0,21,2
972,0,0,9,O,3,0,0,0,21,2
973,0,0,9,O,2,0,0,0,21,45
974,0,0,9,O,10,0,0,0,21,45
975,0,0,9,O,2,0,0,0,21,35
976,0,0,9,O,3,0,0,0,21,30
977,0,0,9,O,2,0,0,0,21,25
978,0,0,9,O,5,0,0,0,21,10
979,0,0,9,O,4,0,0,0,21,2
980,0,0,9,O,7,0,0,0,21,2
981,0,0,9,O,1,0,0,0,21,2
982,0,0,9,O,0,0,0,0,21,2
983,0,0,9,O,2,0,0,0,21,2
984,0,0,9,O,1,0,0,0,21,2
985,0,0,9,O,3,0,0,0,21,2
986,0,0,9,O,4,0,0,0,21,2
987,0,0,9,O,6,0,0,0,21,2
988,0,0,9,O,5,0,0,0,21,2
989,0,0,9,O,4,0,0,0,21,2
990,0,0,9,O,7,0,0,0,21,2
991,0,0,9,O,1,0,0,0,21,2
992,0,0,9,O,0,0,0,0,21,2
993,0,0,9,O,2,0,0,0,21,2
994,0,0,9,O,1,0,0,0,21,2
995,0,0,9,O,3,0,0,0,21,2
996,0,0,0,O,4,0,0,0,21,2
997,0,0,0,O,6,0,0,0,21,2
998,0,0,0,O,2,0,0,0,21,2
999,0,0,0,O,1,0,0,0,21,2
1000,0,0,0,O,3,0,0,0,21,2
1001,0,0,0,O,4,0,0,0,21,2
1002,0,0,0,O,7,0,0,0,21,2
1003,0,0,0,O,8,0,0,0,21,2
1004,0,0,0,O,10,0,0,0,21,2
1005,0,0,0,O,1,0,0,0,21,2
1006,0,0,0,O,3,0,0,0,21,2
1007,0,0,0,O,2,0,0,0,21,40
1008,0,0,0,O,1,0,0,0,21,36
1009,0,0,0,O,1,0,0,0,21,20
1010,0,0,0,O,2,0,0,0,21,44
1011,0,0,0,O,3,0,0,0,21,30
1012,0,0,0,O,5,0,0,0,21,32
1013,0,0,0,O,4,0,0,0,21,27
1014,0,0,0,O,6,0,0,0,21,18
1015,0,0,0,O,1,0,0,0,21,20
1016,0,0,0,O,2,0,0,0,21,23
1017,0,0,0,O,15,0,0,0,21,27
1018,0,0,0,O,2,0,0,0,21,18
1019,0,0,0,O,3,0,0,0,21,19
1020,0,0,0,O,2,0,0,0,21,20
1021,0,0,0,O,1,0,0,0,21,21
1022,0,0,0,O,3,0,0,0,21,22
1023,0,0,0,O,5,0,0,0,21,23
1024,0,0,0,O,4,0,0,0,21,24
1025,0,0,0,O,6,0,0,0,21,25
1026,0,0,0,O,9,0,0,0,21,26
1027,0,0,0,O,8,0,0,0,21,27
1028,0,0,0,O,7,0,0,0,21,28
1029,0,0,0,O,12,0,0,0,21,18
1030,0,0,0,O,3,0,0,0,21,20
1031,0,0,0,O,5,0,0,0,21,14
1032,0,0,0,O,19,0,0,0,21,11
1033,0,0,0,O,2,0,0,0,21,12
1034,0,0,0,O,4,0,0,0,21,13
1035,0,0,0,O,3,0,0,0,21,14
1036,0,0,0,O,2,0,0,0,21,15
1037,0,0,0,O,10,0,0,0,21,16
1038,0,0,0,O,6,0,0,0,21,17
1039,0,0,0,O,9,0,0,0,21,18
1040,0,0,0,O,8,0,0,0,21,19
1041,0,0,0,O,7,0,0,0,21,20
1042,0,0,0,O,12,0,0,0,21,21
1043,0,0,0,O,3,0,0,0,21,22
1044,0,0,0,O,5,0,0,0,21,23
1045,0,0,0,O,4,0,0,0,21,24
1046,0,0,0,O,6,0,0,0,21,25
1047,0,0,0,O,9,0,0,0,21,26
1048,0,0,0,O,8,0,0,0,21,23
1049,0,0,0,O,7,0,0,0,21,24
1050,0,0,0,O,12,0,0,0,21,25
1051,0,0,0,O,3,0,0,0,21,26
1052,0,0,0,O,5,0,0,0,21,27
1053,0,0,0,O,19,0,0,0,21,28
1054,0,0,0,O,2,0,0,0,21,18
1055,0,0,0,O,4,0,0,0,21,20
1056,0,0,0,O,3,0,0,0,21,14
1057,0,0,0,O,4,0,0,0,21,11
1058,0,0,0,O,3,0,0,0,21,12
1059,0,0,0,O,2,0,0,0,21,13
1060,0,0,0,O,10,0,0,0,21,14
1061,0,0,0,O,6,0,0,0,21,15
1062,0,0,0,O,9,0,0,0,21,16
1063,0,0,0,O,8,0,0,0,21,17
1064,0,0,0,O,7,0,0,0,21,18
1065,0,0,0,O,12,0,0,0,21,19
1066,0,0,0,O,3,0,0,0,21,20
1067,0,0,0,O,5,0,0,0,21,21
1068,0,0,0,O,19,0,0,0,21,17
1069,0,0,0,O,2,0,0,0,21,14
1070,0,0,0,O,4,0,0,0,21,2
1071,0,0,0,O,3,0,0,0,21,3
1072,0,0,0,O,2,0,0,0,21,5
1073,0,0,0,O,10,0,0,0,21,4
1074,0,0,0,O,2,0,0,0,21,8
1075,0,0,0,O,3,0,0,0,21,9
1076,0,0,0,O,2,0,0,0,21,12
1077,0,0,0,O,5,0,0,0,21,18
1078,0,0,0,O,4,0,0,0,21,23
1079,0,0,0,O,7,0,0,0,21,24
1080,0,0,0,O,1,0,0,0,21,25
1081,0,0,0,O,0,0,0,0,21,26
1082,0,0,0,O,2,0,0,0,21,27
1083,0,0,0,O,1,0,0,0,21,28
1084,0,0,0,O,3,0,0,0,21,18
1085,0,0,0,O,4,0,0,0,21,20
1086,0,0,0,O,6,0,0,0,21,14
1087,0,0,0,O,5,0,0,0,21,11
1088,0,0,0,O,4,0,0,0,21,12
1089,0,0,0,O,7,0,0,0,21,13
1090,0,0,0,O,1,0,0,0,21,14
1091,0,0,0,O,0,0,0,0,21,15
1092,0,0,0,O,2,0,0,0,21,16
1093,0,0,0,O,1,0,0,0,21,17
1094,0,0,0,O,3,0,0,0,21,18
1095,0,0,0,O,4,0,0,0,21,19
1096,0,0,0,O,6,0,0,0,21,20
1097,0,0,0,O,2,0,0,0,21,21
1098,0,0,0,O,1,0,0,0,21,14
1099,0,0,0,O,3,0,0,0,21,15
1100,0,0,0,O,4,0,0,0,21,16
1101,0,0,0,O,7,0,0,0,21,17
1102,0,0,0,O,8,0,0,0,21,18
1103,0,0,0,O,10,0,0,0,21,19
1104,0,0,0,O,1,0,0,0,21,20
1105,0,0,0,O,3,0,0,0,21,21
1106,0,0,0,O,2,0,0,0,21,22
1107,0,0,0,O,1,0,0,0,21,23
1108,0,0,0,O,1,0,0,0,21,24
1109,0,0,0,O,2,0,0,0,21,25
1110,0,0,0,O,3,0,0,0,21,26
1111,0,0,0,O,5,0,0,0,21,27
1112,0,0,0,O,4,0,0,0,21,28
1113,0,0,0,O,6,0,0,0,21,2
1114,0,0,0,O,1,0,0,0,21,3
1115,0,0,0,O,2,0,0,0,21,2
1116,0,0,0,O,15,0,0,0,21,2
1117,0,0,0,O,2,0,0,0,21,2
1118,0,0,0,O,3,0,0,0,21,2
1119,0,0,0,O,2,0,0,0,21,2
1120,0,0,0,O,1,0,0,0,21,2
1121,0,0,0,O,3,0,0,0,21,2
1122,0,0,0,O,5,0,0,0,21,45
1123,0,0,0,O,4,0,0,0,21,7
1124,0,0,0,O,6,0,0,0,21,6
1125,0,0,0,O,9,0,0,0,21,6
1126,0,0,0,O,8,0,0,0,21,6
1127,0,0,0,O,7,0,0,0,21,6
1128,0,0,0,O,12,0,0,0,21,6
1129,0,0,0,O,3,0,0,0,21,2
1130,0,0,0,O,5,0,0,0,21,2
1131,0,0,0,O,19,0,0,0,21,2
1132,0,0,0,O,2,0,0,0,21,2
1133,0,0,0,O,4,0,0,0,21,2
1134,0,0,0,O,3,0,0,0,21,2
1135,0,0,0,O,2,0,0,0,21,2
1136,0,0,0,O,10,0,0,0,21,2
1137,0,0,0,O,6,0,0,0,21,2
1138,0,0,0,O,9,0,0,0,21,2
1139,0,0,0,O,8,0,0,0,21,2
1140,0,0,0,O,7,0,0,0,21,47
1141,0,0,0,O,12,0,0,0,21,35
1142,0,0,0,O,3,0,0,0,21,35
1143,0,0,0,O,5,0,0,0,21,35
1144,0,0,0,O,4,0,0,0,21,22
1145,0,0,0,O,6,0,0,0,21,12
1146,0,0,0,O,9,0,0,0,21,2
1147,0,0,0,O,8,0,0,0,21,2
1148,0,0,0,O,7,0,0,0,21,2
1149,0,0,0,O,12,0,0,0,21,2
1150,0,0,0,O,3,0,0,0,21,2
1151,0,0,0,O,5,0,0,0,21,2
1152,0,0,0,O,19,0,0,0,21,2
1153,0,0,0,O,2,0,0,0,21,2
1154,0,0,0,O,4,0,0,0,21,2
1155,0,0,0,O,3,0,0,0,21,2
1156,0,0,0,O,0,0,0,0,21,2
1157,0,0,0,O,0,0,0,0,21,2
1158,0,0,0,O,0,0,0,0,21,2
1159,0,0,0,O,0,0,0,0,21,45
1160,0,0,0,O,0,0,0,0,21,45
1161,0,0,0,O,0,0,0,0,21,35
1162,0,0,0,O,0,0,0,0,21,30
1163,0,0,0,O,0,0,0,0,21,25
1164,0,0,0,O,0,0,0,0,21,10
1165,0,0,0,O,0,0,0,0,21,2
1166,0,0,0,O,0,0,0,0,21,2
1167,0,0,0,O,0,0,0,0,21,2
1168,0,0,0,O,0,0,0,0,21,2
1169,0,0,0,O,0,0,0,0,21,2
1170,0,0,0,O,0,0,0,0,21,2
1171,0,0,0,O,0,0,0,0,21,2
1172,0,0,0,O,0,0,0,0,21,2
1173,0,0,0,O,0,0,0,0,21,2
1174,0,0,0,O,0,0,0,0,21,2
1175,0,0,0,O,0,0,0,0,21,2
1176,0,0,0,O,0,0,0,0,21,2
1177,0,0,0,O,0,0,0,0,21,2
1178,0,0,0,O,0,0,0,0,21,2
1179,0,0,0,O,0,0,0,0,21,2
1180,0,0,0,O,0,0,0,0,21,2
1181,0,0,0,O,0,0,0,0,21,2
1182,0,0,0,O,0,0,0,0,21,2
1183,0,0,0,O,0,0,0,0,21,2
1184,0,0,0,O,0,0,0,0,21,2
1185,0,0,0,O,0,0,0,0,21,2
1186,0,0,0,O,0,0,0,0,21,2
1187,0,0,0,O,0,0,0,0,21,2
1188,0,0,0,O,0,0,0,0,21,2
1189,0,0,0,O,0,0,0,0,21,2
1190,0,0,0,O,0,0,0,0,21,2
1191,0,0,0,O,0,0,0,0,21,2
1192,0,0,0,O,0,0,0,0,21,40
1193,0,0,0,O,0,0,0,0,21,36
1194,0,0,0,O,0,0,0,0,21,20
1195,0,0,0,O,0,0,0,0,21,44
1196,0,0,0,O,0,0,0,0,21,30
1197,0,0,0,O,0,0,0,0,21,32
1198,0,0,0,O,0,0,0,0,21,27
1199,0,0,0,O,0,0,0,0,21,18
1200,0,0,0,O,0,0,0,0,21,20
1201,0,0,0,O,0,0,0,0,21,23
1202,0,0,0,O,0,0,0,0,21,27
1203,0,0,0,O,0,0,0,0,21,18
1204,0,0,0,O,0,0,0,0,21,19
1205,0,0,0,O,0,0,0,0,21,20
1206,0,0,0,O,0,0,0,0,21,21
1207,0,0,0,O,0,0,0,0,21,22
1208,0,0,0,O,0,0,0,0,21,23
1209,0,0,0,O,0,0,0,0,21,24
1210,0,0,0,O,0,0,0,0,21,25
1211,0,0,0,O,0,0,0,0,21,26
1212,0,0,0,O,0,0,0,0,21,27
1213,0,0,0,O,0,0,0,0,21,28
1214,0,0,0,O,0,0,0,0,21,18
1215,0,0,0,O,0,0,0,0,21,20
1216,0,0,0,O,0,0,0,0,21,14
1217,0,0,0,O,0,0,0,0,21,11
1218,0,0,0,O,0,0,0,0,21,12
1219,0,0,0,O,0,0,0,0,21,13
1220,0,0,0,O,0,0,0,0,21,14
1221,0,0,0,O,0,0,0,0,21,15
1222,0,0,0,O,0,0,0,0,21,16
1223,0,0,0,O,0,0,0,0,21,17
1224,0,0,0,O,0,0,0,0,21,18
1225,0,0,0,O,0,0,0,0,21,19
1226,0,0,0,O,0,0,0,0,21,20
1227,0,0,0,O,0,0,0,0,21,21
1228,0,0,0,O,0,0,0,0,21,22
1229,0,0,0,O,0,0,0,0,21,23
1230,0,0,0,O,0,0,0,0,21,24
1231,0,0,0,O,0,0,0,0,21,25
1232,0,0,0,O,0,0,0,0,21,26
1233,0,0,0,O,0,0,0,0,21,23
1234,0,0,0,O,0,0,0,0,21,24
1235,0,0,7,O,0,0,0,1,21,25
1236,0,0,7,O,0,0,0,1,25,26
1237,0,0,7,O,0,0,0,1,25,27
1238,0,0,7,O,0,0,0,1,25,28
1239,0,0,7,O,0,0,0,1,25,18
1240,0,0,7,O,0,0,0,1,25,20
1241,0,0,7,O,0,0,0,1,25,14
1242,0,0,7,O,0,0,0,1,25,11
1243,0,0,7,O,0,0,0,1,25,12
1244,0,0,7,O,0,0,0,1,25,13
1245,0,0,7,O,0,0,0,1,25,14
1246,0,0,7,O,0,0,0,1,25,15
1247,0,0,7,O,0,0,0,1,25,16
1248,0,0,7,O,0,0,0,1,25,17
1249,0,0,7,O,0,0,0,1,25,18
1250,0,0,7,O,0,0,0,1,25,19
1251,0,0,7,O,0,0,0,1,25,20
1252,0,0,7,O,0,0,0,1,25,21
1253,0,0,7,O,0,0,0,1,25,17
1254,0,0,7,O,0,0,0,1,25,14
1255,0,0,7,O,0,0,0,1,25,2
1256,0,0,7,O,0,0,0,1,25,3
1257,0,0,7,O,0,0,0,1,25,5
1258,0,0,7,O,0,0,0,1,25,4
1259,0,0,7,O,0,0,0,1,25,8
1260,0,0,7,O,0,0,0,1,25,9
1261,0,0,7,O,0,0,0,1,25,12
1262,0,0,7,O,0,0,0,1,25,18
1263,0,0,7,O,0,0,0,1,25,23
1264,0,0,7,O,0,0,0,1,25,24
1265,0,0,7,O,0,0,0,1,25,25
1266,0,0,7,O,0,0,0,1,25,26
1267,0,0,7,O,0,0,0,1,25,27
1268,0,0,7,O,0,0,0,1,25,28
1269,0,0,7,O,0,0,0,1,25,18
1270,0,0,7,O,0,0,0,1,25,20
1271,0,0,7,O,0,0,0,1,25,14
1272,0,0,7,O,0,0,0,1,25,11
1273,0,0,7,O,0,0,0,1,25,12
1274,0,0,7,O,0,0,0,1,25,13
1275,0,0,7,O,0,0,0,1,25,14
1276,0,0,7,O,0,0,0,1,25,15
1277,0,0,7,O,0,0,0,1,25,16
1278,0,0,7,O,0,0,0,1,25,17
1279,0,0,7,O,0,0,0,1,25,18
1280,0,0,7,O,0,0,0,1,25,19
1281,0,0,7,O,0,0,0,1,25,20
1282,0,0,7,O,0,0,0,1,25,21
1283,0,0,7,O,0,0,0,1,25,47
1284,0,0,7,O,0,0,0,1,25,35
1285,0,0,7,O,0,0,0,1,25,35
1286,0,0,7,O,0,0,0,1,25,35
1287,0,0,7,O,0,0,0,1,25,22
1288,0,0,7,O,0,0,0,1,25,12
1289,0,0,7,O,0,0,0,1,25,2
1290,0,0,7,O,0,0,0,1,25,2
1291,0,0,7,O,0,0,0,1,25,2
1292,0,0,7,O,0,0,0,1,25,2
1293,0,0,7,O,0,0,0,1,25,2
1294,0,0,7,O,0,0,0,1,25,2
1295,0,0,7,O,0,0,0,1,25,2
1296,0,0,7,O,0,0,0,1,25,2
1297,0,0,7,O,0,0,0,1,25,2
1298,0,0,7,O,0,0,0,1,25,2
1299,0,0,7,O,0,0,0,1,25,2
1300,0,0,7,O,0,0,0,1,25,2
1301,0,0,7,O,0,0,0,1,25,2
1302,0,0,7,O,0,0,0,1,25,45
1303,0,0,7,O,0,0,0,1,25,45
1304,0,0,7,O,0,0,0,1,25,35
1305,0,0,7,O,0,0,0,1,25,30
1306,0,0,7,O,0,0,0,1,25,25
1307,0,0,7,O,0,0,0,1,25,10
1308,0,0,7,O,0,0,0,1,25,2
1309,0,0,7,O,0,0,0,1,25,2
1310,0,0,7,O,0,0,0,1,25,2
1311,0,0,7,O,0,0,0,1,25,2
1312,0,0,7,O,0,0,0,1,25,2
1313,0,0,7,O,0,0,0,1,25,2
1314,0,0,7,O,0,0,0,1,25,2
1315,0,0,7,O,0,0,0,1,25,2
1316,0,0,7,O,0,0,0,1,25,2
1317,0,0,7,O,0,0,0,1,25,2
1318,0,0,7,O,0,0,0,1,25,2
1319,0,0,7,O,0,0,0,1,25,2
1320,0,0,7,O,0,0,0,1,25,2
1321,0,0,7,O,0,0,0,1,25,2
1322,0,0,7,O,0,0,0,1,25,2
1323,0,0,7,O,0,0,0,1,25,2
1324,0,0,7,O,0,0,0,1,25,2
1325,0,0,7,O,0,0,0,1,25,2
1326,0,0,7,O,0,0,0,1,25,2
1327,0,0,7,O,0,0,0,1,25,2
1328,0,0,7,O,0,0,0,1,25,2
1329,0,0,7,O,0,0,0,1,25,2
1330,0,0,7,O,0,0,0,1,25,2
1331,0,0,7,O,0,0,0,1,25,2
1332,0,0,7,O,0,0,0,1,25,2
1333,0,0,7,O,0,0,0,1,25,2
1334,0,0,7,O,0,0,0,1,25,2
1335,0,0,7,O,0,0,0,1,25,40
1336,0,0,7,O,0,0,0,1,25,36
1337,0,0,7,O,0,0,0,1,25,20
1338,0,0,7,O,0,0,0,1,25,44
1339,0,0,7,O,0,0,0,1,25,30
1340,0,0,7,O,0,0,0,1,25,32
1341,0,0,7,O,0,0,0,1,25,27
1342,0,0,7,O,0,0,0,1,25,18
1343,0,0,7,O,0,0,0,1,25,20
1344,0,0,7,O,0,0,0,1,25,23
1345,0,0,7,O,0,0,0,1,25,27
1346,0,0,7,O,0,0,0,1,25,18
1347,0,0,7,O,0,0,0,1,25,19
1348,0,0,7,O,0,0,0,1,25,20
1349,0,0,7,O,0,0,0,1,25,21
1350,0,0,7,O,0,0,0,1,25,22
1351,0,0,7,O,0,0,0,1,25,23
1352,0,0,7,O,0,0,0,1,25,24
1353,0,0,7,O,0,0,0,1,25,25
1354,0,0,7,O,0,0,0,1,25,26
1355,0,0,7,O,0,0,0,1,25,27
1356,0,0,7,O,0,0,0,1,25,28
1357,0,0,7,O,0,0,0,1,25,18
1358,0,0,7,O,0,0,0,1,25,20
1359,0,0,7,O,0,0,0,1,25,14
1360,0,0,7,O,0,0,0,1,25,11
1361,0,0,7,O,0,0,0,1,25,12
1362,0,0,7,O,0,0,0,1,25,13
1363,0,0,7,O,0,0,0,1,25,14
1364,0,0,7,O,0,0,0,1,25,15
1365,0,0,7,O,0,0,0,1,25,16
1366,0,0,7,O,0,0,0,1,25,17
1367,0,0,7,O,0,0,0,1,25,18
1368,0,0,7,O,0,0,0,1,25,19
1369,0,0,7,O,0,0,0,1,25,20
1370,0,0,7,O,0,0,0,1,25,21
1371,0,0,7,O,0,0,0,1,25,22
1372,0,0,7,O,0,0,0,1,25,23
1373,0,0,7,O,0,0,0,1,25,24
1374,0,0,7,O,0,0,0,1,25,25
1375,0,0,7,O,0,0,0,1,25,26
1376,0,0,7,O,0,0,0,1,25,23
1377,0,0,7,O,0,0,0,1,25,24
1378,0,0,7,O,0,0,0,1,25,25
1379,0,0,7,O,0,0,0,1,25,26
1380,0,0,7,O,0,0,0,1,25,27
1381,0,0,7,O,0,0,0,1,25,28
1382,0,0,7,O,0,0,0,1,25,18
1383,0,0,7,O,0,0,0,1,25,20
1384,0,0,7,O,0,0,0,1,25,14
1385,0,0,7,O,0,0,0,1,25,11
1386,0,0,7,O,0,0,0,1,25,12
1387,0,0,7,O,0,0,0,1,25,13
1388,0,0,7,O,0,0,0,1,25,14
1389,0,0,7,O,0,0,0,1,25,15
1390,0,0,7,O,0,0,0,1,25,16
1391,0,0,7,O,0,0,0,1,25,17
1392,0,0,7,O,0,0,0,1,25,18
1393,0,0,7,O,0,0,0,1,25,19
1394,0,0,7,O,0,0,0,1,25,20
1395,0,0,7,O,0,0,0,1,25,21
1396,0,0,1,O,0,0,0,1,25,17
1397,0,0,1,O,0,0,0,1,25,14
1398,0,0,1,O,0,0,0,1,25,2
1399,0,0,1,O,0,0,0,1,25,3
1400,0,0,1,O,0,0,0,1,25,5
1401,0,0,1,O,0,0,0,1,25,4
1402,0,0,1,O,0,0,0,1,25,8
1403,0,0,1,O,0,0,0,1,25,9
1404,0,0,1,O,0,0,0,1,25,12
1405,0,0,1,O,0,0,0,1,25,18
1406,0,0,1,O,0,0,0,1,25,23
1407,2,2,1,O,0,2,2,1,25,24
1408,2,2,1,O,0,2,2,1,25,25
1409,2,2,1,O,0,2,2,1,25,26
1410,2,2,1,O,0,2,2,1,25,27
1411,2,2,1,O,0,2,2,1,25,28
1412,2,2,1,O,0,2,2,1,25,18
1413,2,2,1,O,0,2,2,1,25,20
1414,2,2,1,O,0,2,2,1,25,14
1415,2,2,1,O,0,2,2,1,25,11
1416,2,2,0,O,0,2,2,1,25,12
1417,2,2,0,O,0,2,2,1,25,13
1418,2,2,0,O,0,2,2,1,25,14
1419,2,2,0,O,0,2,2,1,25,15
1420,2,2,0,O,0,2,2,1,25,16
1421,2,2,0,O,0,2,2,1,25,17
1422,2,2,0,O,0,2,2,1,25,18
1423,2,2,0,O,0,2,2,1,25,19
1424,2,2,0,O,0,2,2,1,25,20
1425,2,2,0,O,0,2,2,1,25,21
1426,2,2,0,O,0,2,2,1,25,44
1427,2,2,0,O,0,2,2,1,25,30
1428,2,2,0,O,0,2,2,1,25,32
1429,2,2,0,O,0,2,2,1,25,27
1430,2,2,0,O,0,2,2,1,25,18
1431,2,2,0,O,0,2,2,1,25,20
1432,2,2,0,O,0,2,2,1,25,23
1433,2,2,0,O,0,2,2,1,25,27
1434,2,2,0,O,0,2,2,1,25,18
1435,2,2,0,O,0,2,2,1,25,19
1436,2,2,0,O,0,2,2,1,25,20
1437,2,2,0,O,0,2,2,1,25,21
1438,2,2,0,O,0,2,2,1,25,22
1439,2,2,0,O,0,2,2,1,25,23
1440,2,2,0,O,0,2,2,1,25,24
1441,2,2,0,O,0,2,2,1,25,25
1442,2,2,0,O,0,2,2,1,25,26
1443,2,2,0,O,0,2,2,1,25,27
1444,2,2,0,O,0,2,2,1,25,28
1445,2,2,0,O,0,2,2,1,25,18
1446,2,2,0,O,0,2,2,1,25,20
1447,2,2,0,O,0,2,2,1,25,14
1448,12,12,0,O,0,12,12,1,25,11
1449,3,3,0,O,0,3,3,1,25,12
1450,5,5,0,O,0,5,5,1,25,13
1451,19,19,0,O,0,19,19,1,25,14
1452,2,2,0,O,0,2,2,1,25,15
1453,4,4,0,O,0,4,2,1,25,16
1454,3,3,0,O,0,3,3,1,25,17
1455,2,2,0,O,0,2,2,1,25,18
1456,10,10,0,O,0,10,5,1,25,19
1457,6,6,0,O,0,6,3,1,25,20
1458,9,9,0,O,0,9,4,1,25,21
1459,8,8,0,O,0,8,8,1,25,22
1460,7,7,0,O,0,7,7,1,25,23
1461,12,12,0,O,0,12,5,1,25,24
1462,3,3,0,O,0,3,3,1,25,25
1463,5,5,0,O,0,5,5,0,25,26
1464,19,19,0,O,0,19,9,0,25,23
1465,2,2,0,O,0,2,2,0,25,24
1466,4,4,0,O,0,4,4,0,25,25
1467,3,3,0,O,0,3,3,0,25,26
1468,2,2,0,O,0,2,2,0,25,27
1469,10,10,0,O,0,10,8,0,25,28
1470,2,2,0,O,0,2,2,0,25,18
1471,3,3,0,O,0,3,3,0,25,20
1472,2,2,0,O,0,2,2,0,25,14
1473,5,5,0,O,0,5,5,0,25,11
1474,4,4,0,O,0,4,4,0,25,12
1475,7,7,0,O,0,7,7,0,25,13
1476,1,1,0,O,0,1,1,0,25,14
1477,0,0,0,O,0,0,0,0,25,3
1478,2,2,0,O,0,2,2,0,25,4
1479,1,1,0,O,0,1,1,0,25,5
1480,3,3,0,O,0,3,3,0,25,6
1481,4,4,0,O,0,4,4,0,25,7
1482,6,6,0,O,0,6,6,0,25,8
1483,5,5,0,O,0,5,5,0,25,9
1484,4,4,0,O,0,4,4,0,25,10
1485,7,7,0,O,0,7,7,0,25,11
1486,1,1,0,O,0,1,1,0,25,12
1487,0,0,0,O,0,0,0,0,25,13
1488,2,2,0,O,0,2,2,0,25,14
1489,1,1,0,O,0,1,1,0,25,15
1490,3,3,0,O,0,3,3,0,25,16
1491,4,4,0,O,0,4,4,0,25,17
1492,6,6,0,O,0,6,6,0,25,18
1493,2,2,0,O,0,2,2,0,25,19
1494,1,1,0,O,0,1,1,0,25,20
1495,3,3,0,O,0,3,3,0,25,21
1496,4,4,0,O,0,4,4,0,25,22
1497,7,7,0,O,0,7,7,0,25,23
1498,8,8,0,O,0,8,8,0,25,24
1499,10,10,0,O,0,10,10,0,25,25
1500,1,1,0,O,0,1,1,0,25,26
1501,3,3,0,O,0,3,3,0,25,27
1502,2,2,0,O,0,2,2,0,25,28
1503,1,1,0,O,0,1,1,0,25,7
1504,1,1,0,O,0,1,1,0,25,7
1505,2,2,0,O,0,2,2,0,25,7
1506,3,3,0,O,0,3,3,0,25,3
1507,5,5,0,O,0,5,5,0,25,3
1508,4,4,0,O,0,4,4,0,25,3
1509,6,6,0,O,0,6,6,0,25,3
1510,1,1,0,O,0,1,1,0,25,3
1511,2,2,0,O,0,2,2,0,25,4
1512,15,15,0,O,0,15,15,0,23,4
1513,2,2,0,O,0,2,2,0,23,4
1514,3,3,0,O,0,3,3,0,23,4
1515,2,2,0,O,0,2,2,0,23,3
1516,1,1,0,O,0,1,1,0,23,3
1517,3,3,0,O,0,3,3,0,23,3
1518,5,5,0,O,0,5,5,0,23,3
1519,4,4,0,O,0,4,4,0,23,3
1520,6,6,0,O,0,6,6,0,23,9
1521,9,9,0,O,0,9,9,0,23,9
1522,8,8,0,O,0,8,8,0,23,9
1523,7,7,0,O,0,7,7,0,23,9
1524,12,12,0,O,0,12,5,0,23,9
1525,3,3,0,O,0,3,3,0,23,9
1526,5,5,0,O,0,5,5,0,23,9
1527,19,19,0,O,0,19,11,0,23,9
1528,2,2,0,O,0,2,2,0,23,9
1529,4,4,0,O,0,4,4,0,23,2
1530,3,3,0,O,0,3,3,0,23,2
1531,2,2,0,O,0,2,2,0,23,2
1532,10,10,0,O,0,10,7,0,23,2
1533,6,6,0,O,0,6,6,0,23,2
1534,9,9,0,O,0,9,9,0,23,2
1535,8,8,0,O,0,8,8,0,23,2
1536,7,7,0,O,0,7,7,0,23,2
1537,12,12,0,O,0,12,12,0,23,2
1538,3,3,0,O,0,3,3,0,23,2
1539,5,5,0,O,0,5,5,0,23,2
1540,4,4,0,O,0,4,4,0,23,2
1541,6,6,0,O,0,6,6,0,23,2
1542,9,9,0,O,0,9,9,0,23,2
1543,8,8,0,O,0,8,8,0,23,2
1544,7,7,0,O,0,7,7,0,23,2
1545,12,12,0,O,0,12,12,0,23,2
1546,3,3,0,O,0,3,3,0,23,2
1547,5,5,0,O,0,5,5,0,23,2
1548,19,19,0,O,0,19,19,0,23,2
1549,2,2,0,O,0,2,2,0,23,2
1550,4,4,0,O,0,4,4,0,23,2
1551,3,3,0,O,0,3,3,0,23,2
1552,2,2,0,O,0,2,2,0,23,2
1553,10,10,0,O,0,10,10,0,23,2
1554,6,6,0,O,0,6,6,0,23,2
1555,9,9,0,O,0,9,9,0,23,2
1556,8,8,0,O,0,8,8,0,23,2
1557,7,7,0,O,0,7,7,0,23,4
1558,12,12,0,O,0,12,12,0,23,4
1559,3,3,0,O,0,3,3,0,23,4
1560,5,5,0,O,0,5,5,0,23,4
1561,19,19,0,O,0,19,19,0,23,4
1562,2,2,0,O,0,2,2,0,23,4
1563,4,4,0,O,0,4,4,0,23,4
1564,3,3,0,O,0,3,3,0,23,4
1565,2,2,0,O,0,2,2,0,23,4
1566,10,10,0,O,0,10,10,0,23,4
1567,2,2,0,O,0,2,2,0,23,4
1568,3,3,0,O,0,3,3,0,23,4
1569,2,2,0,O,0,2,2,0,23,4
1570,5,5,0,O,0,5,5,0,23,4
1571,4,4,0,O,0,4,4,0,23,4
1572,7,7,0,O,0,7,7,0,23,4
1573,1,1,0,O,0,1,1,0,23,4
1574,0,0,0,O,0,0,0,0,23,4
1575,2,2,0,O,0,2,2,0,23,4
1576,1,1,0,O,0,1,1,0,23,4
1577,3,3,0,O,0,3,3,0,23,4
1578,4,4,0,O,0,4,4,0,23,4
1579,6,6,0,O,0,6,6,0,23,4
1580,5,5,0,O,0,5,5,0,23,4
1581,4,4,0,O,0,4,4,0,23,4
1582,7,7,0,O,0,7,7,0,23,4
1583,1,1,3,O,0,1,1,3,23,4
1584,0,0,3,O,0,0,0,3,23,4
1585,2,2,3,O,0,2,2,3,23,4
1586,1,1,3,O,0,1,1,3,23,4
1587,3,3,3,O,0,3,3,3,23,4
1588,4,4,3,O,0,4,4,3,23,4
1589,6,6,3,O,0,6,6,3,23,4
1590,2,2,3,O,0,2,2,3,23,4
1591,1,1,3,O,0,1,1,3,23,4
1592,3,3,3,O,0,3,3,3,23,4
1593,4,4,3,O,0,4,4,3,23,4
1594,7,7,3,O,0,7,7,3,23,4
1595,8,8,3,O,0,8,8,3,23,4
1596,10,10,3,O,0,10,10,3,23,4
1597,1,1,3,O,0,1,1,3,23,4
1598,3,3,3,O,0,3,3,3,23,4
1599,2,2,3,O,0,2,2,3,23,4
1600,1,1,3,O,0,1,1,3,23,4
1601,1,1,3,O,0,1,1,3,23,4
1602,2,2,3,O,0,2,2,3,23,4
1603,3,3,3,O,0,3,3,3,23,4
1604,5,5,3,O,0,5,5,3,23,4
1605,4,4,3,O,0,4,4,3,23,4
1606,6,6,3,O,0,6,6,3,23,4
1607,1,1,3,O,0,1,1,3,23,4
1608,2,2,3,O,0,2,2,3,23,4
1609,15,15,3,O,0,15,8,3,23,4
1610,2,2,3,O,0,2,2,3,23,4
1611,3,3,3,O,0,3,3,3,23,4
1612,2,2,3,O,0,2,2,3,23,4
1613,1,1,3,O,0,1,1,3,23,4
1614,3,3,3,O,0,3,3,3,23,4
1615,5,5,3,O,0,5,5,3,23,4
1616,4,4,3,O,0,4,4,3,23,4
1617,6,6,3,O,0,6,6,3,23,4
1618,9,9,3,O,0,9,9,3,23,4
1619,8,8,3,O,0,8,8,3,23,4
1620,7,7,3,O,0,7,7,3,23,4
1621,12,12,3,O,0,12,12,3,23,4
1622,3,3,3,O,0,3,3,3,23,4
1623,5,5,3,O,0,5,5,3,23,4
1624,19,19,3,O,0,19,19,3,23,4
1625,2,2,3,O,0,2,2,3,23,4
1626,4,4,3,O,0,4,4,3,23,4
1627,3,3,3,O,0,3,3,3,23,4
1628,2,2,3,O,0,2,2,3,23,4
1629,10,10,3,O,0,10,10,3,23,4
1630,6,6,3,O,0,6,6,3,23,4
1631,9,9,3,O,0,9,9,3,23,4
1632,8,8,3,O,0,8,8,3,23,4
1633,7,7,3,O,0,7,7,3,23,4
1634,12,12,3,O,0,12,12,3,23,4
1635,12,12,3,O,0,12,12,3,23,4
1636,3,3,3,O,0,3,3,3,23,4
1637,5,5,3,O,0,5,5,3,23,4
1638,19,19,3,O,0,19,19,3,23,4
1639,2,2,3,O,0,2,2,3,23,4
1640,4,4,3,O,0,4,4,3,23,4
1641,3,3,3,O,0,3,3,3,23,4
1642,2,2,3,O,0,2,2,3,23,4
1643,10,10,3,O,0,10,10,3,23,4
1644,6,6,3,O,0,6,6,3,23,4
1645,9,9,3,O,0,9,9,3,23,4
1646,8,8,3,O,0,8,8,3,23,4
1647,7,7,3,O,0,7,7,3,23,4
1648,12,12,3,O,0,12,12,3,23,4
1649,3,3,3,O,0,3,3,3,23,4
1650,5,5,3,O,0,5,5,3,23,4
1651,19,19,3,O,0,19,19,3,23,4
1652,2,2,3,O,0,2,2,3,23,4
1653,4,4,3,O,0,4,4,3,23,4
1654,3,3,3,O,0,3,3,3,23,4
1655,2,2,3,O,0,2,2,3,23,4
1656,10,10,3,O,0,10,10,3,23,4
1657,2,2,3,O,0,2,2,3,23,4
1658,3,3,3,O,0,3,3,3,23,4
1659,2,2,3,O,0,2,2,3,23,4
1660,5,5,3,O,0,5,5,3,23,4
1661,4,4,3,O,0,4,4,3,23,4
1662,7,7,3,O,0,7,7,3,23,4
1663,1,1,3,O,0,1,1,3,23,4
1664,0,0,3,O,0,0,0,3,23,4
1665,2,2,3,O,0,2,2,3,23,4
1666,1,1,3,O,0,1,1,3,23,4
1667,3,3,3,O,0,3,3,3,23,4
1668,4,4,3,O,0,4,4,3,23,4
1669,6,6,3,O,0,6,6,3,23,4
1670,5,5,3,O,0,5,5,3,23,4
1671,4,4,3,O,0,4,4,3,23,4
1672,7,7,3,O,0,7,7,3,23,4
1673,1,1,3,O,0,1,1,3,23,4
1674,0,0,3,O,0,0,0,3,23,4
1675,2,2,3,O,0,2,2,3,23,4
1676,1,1,3,O,0,1,1,3,23,4
1677,3,3,3,O,0,3,3,3,23,4
1678,4,4,3,O,0,4,4,3,23,4
1679,6,6,3,O,0,6,6,3,23,4
1680,2,2,3,O,0,2,2,3,23,4
1681,1,1,3,O,0,1,1,3,23,4
1682,3,3,3,O,0,3,3,3,23,4
1683,4,4,3,O,0,4,4,3,23,4
1684,7,7,3,O,0,7,7,3,23,4
1685,8,8,3,O,0,8,8,3,23,4
1686,10,10,3,O,0,10,10,3,23,4
1687,1,1,3,O,0,1,1,3,23,4
1688,3,3,3,O,0,3,3,3,23,4
1689,2,2,3,O,0,2,2,3,23,4
1690,1,1,3,O,0,1,1,3,23,4
1691,1,1,3,SIGTERM,0,1,1,3,23,4
1692,2,2,3,SIGTERM,0,2,2,3,23,4
1693,3,3,3,SIGTERM,0,3,3,3,23,4
1694,5,5,3,SIGTERM,0,5,5,3,23,4
1695,4,4,3,SIGTERM,0,4,4,3,23,4
1696,6,6,3,SIGTERM,0,6,6,3,23,4
1697,1,1,3,SIGTERM,0,1,1,3,23,4
1698,2,2,3,SIGTERM,0,2,2,3,23,4
1699,15,15,3,SIGTERM,0,15,15,3,23,4
1700,2,2,3,SIGTERM,0,2,2,3,23,4
1701,3,3,3,SIGTERM,0,3,3,3,23,4
1702,2,2,3,SIGTERM,0,2,2,3,23,4
1703,1,1,3,SIGTERM,0,1,1,3,23,4
1704,3,3,3,SIGTERM,0,3,3,3,23,4
1705,5,5,3,SIGTERM,0,5,5,3,23,4
1706,4,4,3,SIGTERM,0,4,4,3,23,4
1707,6,6,3,SIGTERM,0,6,6,3,23,4
1708,9,9,3,SIGTERM,0,9,9,3,23,4
1709,8,8,3,SIGTERM,0,8,8,3,23,4
1710,7,7,3,SIGTERM,0,7,7,3,23,4
1711,12,12,3,SIGTERM,0,12,12,3,23,4
1712,3,3,3,SIGTERM,0,3,3,3,23,4
1713,5,5,3,SIGTERM,0,5,5,3,23,4
1714,19,19,3,SIGTERM,0,19,19,3,23,4
1715,2,2,3,SIGTERM,0,2,2,3,23,4
1716,4,4,3,SIGTERM,0,4,4,3,23,4
1717,3,3,3,SIGTERM,0,3,3,3,23,4
1718,2,2,3,SIGTERM,0,2,2,3,23,4
1719,10,10,3,SIGTERM,0,10,10,3,23,4
1720,6,6,3,SIGTERM,0,6,6,3,23,4
1721,9,9,3,SIGTERM,0,9,9,3,23,4
1722,8,8,3,SIGTERM,0,8,8,3,23,4
1723,7,7,3,SIGTERM,0,7,7,3,23,4
1724,12,12,3,SIGTERM,0,12,12,3,23,4
1725,4,4,3,SIGTERM,0,4,4,3,23,4
1726,3,3,3,SIGTERM,0,3,3,3,23,4
1727,2,2,3,SIGTERM,0,2,2,3,23,4
1728,10,10,3,SIGTERM,0,10,10,3,23,4
1729,6,6,3,SIGTERM,0,6,6,3,23,4
1730,9,9,3,SIGTERM,0,9,9,3,23,4
1731,8,8,3,SIGTERM,0,8,8,3,23,4
1732,7,7,3,SIGTERM,0,7,7,3,23,4
1733,12,12,3,SIGTERM,0,12,12,3,23,4
1734,3,3,3,SIGTERM,0,3,3,3,23,4
1735,5,5,3,SIGTERM,0,5,5,3,23,4
1736,4,4,3,SIGTERM,0,4,4,3,23,4
1737,6,6,3,SIGTERM,0,6,6,3,23,4
1738,9,9,3,SIGTERM,0,9,9,3,23,4
1739,8,8,3,SIGTERM,0,8,8,3,23,4
1740,7,7,3,SIGTERM,0,7,7,3,23,4
1741,12,12,3,SIGTERM,0,12,12,3,23,4
1742,3,3,3,SIGTERM,0,3,3,3,23,4
1743,5,5,3,SIGTERM,0,5,5,3,23,4
1744,19,19,3,SIGTERM,0,19,19,3,23,4
1745,2,2,3,SIGTERM,0,2,2,3,23,4
1746,4,4,3,SIGTERM,0,4,4,3,23,4
1747,3,3,3,SIGTERM,0,3,3,3,23,20
1748,2,2,5,SIGTERM,0,2,2,5,23,44
1749,10,10,5,SIGTERM,0,10,10,5,23,30
1750,6,6,5,SIGTERM,0,6,6,5,23,32
1751,9,9,5,SIGTERM,0,9,9,5,23,27
1752,8,8,5,SIGTERM,0,8,8,5,23,18
1753,7,7,5,SIGTERM,0,7,7,5,23,20
1754,12,12,5,SIGTERM,0,12,12,5,23,23
1755,3,3,5,SIGTERM,0,3,3,5,23,27
1756,5,5,5,SIGTERM,0,5,5,5,23,18
1757,19,19,5,SIGTERM,0,19,19,5,23,19
1758,2,2,5,SIGTERM,0,2,2,5,23,20
1759,4,4,5,O,0,4,4,5,23,21
1760,3,3,5,O,0,3,3,5,23,22
1761,2,2,5,O,0,2,2,5,23,23
1762,10,10,5,O,0,10,10,5,23,24
1763,2,2,5,O,0,2,2,5,23,25
1764,3,3,5,O,0,3,3,5,23,26
1765,2,2,5,O,0,2,2,5,23,27
1766,5,5,5,O,0,5,5,5,23,28
1767,4,4,5,O,0,4,4,5,23,18
1768,7,7,5,O,0,7,7,5,23,20
1769,1,1,5,O,0,1,1,5,23,14
1770,0,0,5,O,0,0,0,5,23,11
1771,2,2,5,O,0,2,2,5,23,12
1772,1,1,3,O,0,1,1,3,23,13
1773,3,3,3,O,0,3,3,3,23,14
1774,4,4,3,O,0,4,4,3,23,15
1775,6,6,3,O,0,6,6,3,23,16
1776,5,5,3,O,0,5,5,3,23,17
1777,4,4,3,O,0,4,4,3,23,18
1778,7,7,3,O,0,7,7,3,23,19
1779,1,1,3,O,0,1,1,3,23,20
1780,0,0,3,O,0,0,0,3,23,21
1781,2,2,4,O,0,2,2,4,23,22
1782,1,1,4,O,0,1,1,4,23,23
1783,3,3,4,O,0,3,3,4,23,24
1784,4,4,4,SIGABRT,0,4,4,4,23,25
1785,6,6,4,SIGABRT,0,6,6,4,23,26
1786,2,2,4,SIGABRT,0,2,2,4,23,23
1787,1,1,4,SIGABRT,0,1,1,4,23,24
1788,3,3,4,SIGABRT,0,3,3,4,23,25
1789,4,4,4,SIGABRT,0,4,4,4,23,26
1790,7,7,4,SIGABRT,0,7,7,4,23,27
1791,8,8,4,SIGABRT,0,8,8,4,23,28
1792,10,10,4,SIGABRT,0,10,10,4,23,18
1793,1,1,4,SIGABRT,0,1,1,4,23,20
1794,3,3,4,SIGABRT,0,3,3,4,23,14
1795,2,2,4,SIGABRT,0,2,2,4,23,11
1796,1,1,4,SIGABRT,0,1,1,4,23,12
1797,1,1,4,SIGABRT,0,1,1,4,23,13
1798,2,2,4,SIGABRT,0,2,2,4,23,14
1799,3,3,4,SIGABRT,0,3,3,4,23,3
1800,5,5,4,SIGABRT,0,5,5,4,23,4
1801,4,4,4,SIGABRT,0,4,4,4,23,5
1802,6,6,4,SIGABRT,0,6,6,4,23,6
1803,1,1,8,SIGABRT,0,1,1,3,23,7
1804,2,2,8,SIGABRT,0,2,2,3,23,8
1805,15,15,8,SIGABRT,0,15,15,3,23,9
1806,2,2,8,SIGABRT,0,2,2,3,23,10
1807,3,3,8,SIGABRT,0,3,3,3,23,11
1808,2,2,8,SIGABRT,0,2,2,3,23,12
1809,1,1,8,SIGABRT,0,1,1,3,23,13
1810,3,3,8,SIGABRT,0,3,3,3,23,14
1811,5,5,8,SIGABRT,0,5,5,3,23,15
1812,4,4,8,SIGABRT,0,4,4,3,23,16
1813,6,6,8,SIGABRT,0,6,6,3,23,17
1814,9,9,8,SIGABRT,2,9,9,3,23,18
1815,8,8,8,SIGABRT,2,8,8,3,23,19
1816,7,7,8,SIGABRT,2,7,7,3,23,20
1817,12,12,8,SIGABRT,2,12,12,3,23,21
1818,3,3,8,SIGABRT,2,3,3,3,23,22
1819,5,5,8,O,2,5,5,3,23,23
1820,19,6,8,O,2,19,6,3,23,24
1821,2,2,8,O,2,2,2,3,23,25
1822,4,4,8,O,2,4,4,3,23,26
1823,3,3,8,O,2,3,3,3,23,27
1824,2,2,8,O,2,2,2,3,23,28
1825,10,3,8,O,2,10,3,3,23,7
1826,6,6,8,O,2,6,6,3,23,7
1827,9,9,8,O,2,9,9,3,23,7
1828,8,8,8,O,2,8,8,3,23,3
1829,7,7,8,O,2,7,7,3,23,3
1830,12,12,8,O,2,12,12,3,23,3
1831,12,12,8,O,2,12,12,3,23,3
1832,3,3,8,O,2,3,3,3,23,3
1833,5,5,8,O,2,5,5,3,23,4
1834,19,7,8,O,2,19,7,3,23,4
1835,2,2,8,O,2,2,2,3,23,4
1836,4,4,8,O,2,4,4,3,23,4
1837,3,3,8,O,2,3,3,3,23,3
1838,2,2,8,O,2,2,2,3,23,3
1839,10,10,8,O,2,10,6,3,23,3
1840,6,6,8,O,2,6,6,3,23,3
1841,9,9,8,O,2,9,9,3,23,3
1842,8,8,8,O,2,8,8,3,23,9
1843,7,7,8,O,2,7,7,3,23,9
1844,12,3,8,O,2,12,3,3,23,9
1845,3,3,8,O,2,3,3,3,23,9
1846,5,5,8,O,2,5,5,3,23,9
1847,19,4,8,O,2,19,4,3,23,9
1848,2,2,8,O,2,2,2,3,23,9
1849,4,4,8,O,2,4,4,3,23,9
1850,3,3,8,O,2,3,3,3,23,9
1851,2,2,6,O,2,2,2,3,23,2
1852,10,8,6,O,2,10,8,3,23,2
1853,2,2,6,O,2,2,2,3,23,2
1854,3,3,6,O,2,3,3,3,23,2
1855,2,2,6,O,12,2,2,3,23,2
1856,5,5,6,O,3,5,5,3,23,2
1857,4,4,6,O,5,4,4,3,23,2
1858,7,7,6,O,19,7,7,3,23,2
1859,1,1,6,O,2,1,1,3,23,2
1860,0,0,6,O,4,0,0,3,23,2
1861,2,2,6,O,3,2,2,3,23,2
1862,1,1,6,O,2,1,1,3,23,2
1863,3,3,8,O,10,3,3,3,23,2
1864,4,4,8,O,6,4,4,3,23,2
1865,6,6,8,O,9,6,6,3,23,2
1866,5,5,8,O,8,5,5,3,23,2
1867,4,4,8,O,7,4,4,3,23,2
1868,7,7,8,O,12,7,7,3,23,2
1869,1,1,8,O,3,1,1,3,23,2
1870,0,0,8,O,5,0,0,3,23,2
1871,2,2,8,O,19,2,2,3,23,2
1872,1,1,8,O,2,1,1,3,23,2
1873,3,3,8,O,4,3,3,3,23,2
1874,4,4,8,O,3,4,4,3,23,2
1875,6,6,0,O,2,6,6,3,23,2
1876,2,2,0,O,10,2,2,3,23,2
1877,1,1,0,O,2,1,1,3,23,2
1878,3,3,0,O,3,3,3,3,23,2
1879,4,4,0,O,2,4,4,3,23,2
1880,7,7,0,O,5,7,7,3,23,2
1881,8,8,0,O,4,8,8,3,23,2
1882,10,3,4,O,7,10,3,3,23,2
1883,1,1,4,O,1,1,1,3,23,2
1884,3,3,4,O,0,3,3,3,23,2
1885,2,2,4,O,2,2,2,3,23,2
1886,1,1,4,O,1,1,1,3,23,2
1887,1,1,4,O,3,1,1,3,23,2
1888,2,2,4,O,4,2,2,3,23,2
1889,3,3,4,O,6,3,3,3,23,2
1890,5,5,4,O,5,5,5,3,23,2
1891,4,4,4,O,4,4,4,3,23,2
1892,6,6,4,O,7,6,6,3,23,2
1893,1,1,4,O,1,1,1,3,23,2
1894,2,2,4,O,0,2,2,3,23,2
1895,15,7,4,O,2,15,7,3,23,2
1896,2,2,4,O,1,2,2,3,23,2
1897,3,3,4,O,3,3,3,3,23,2
1898,2,2,4,O,4,2,2,3,23,2
1899,1,1,4,O,6,1,1,3,23,2
1900,3,3,4,O,2,3,3,3,23,2
1901,5,5,4,O,1,5,5,3,23,2
1902,4,4,4,O,3,4,4,3,23,2
1903,6,6,4,O,4,6,6,3,23,2
1904,9,9,4,O,7,9,9,3,23,10
1905,8,8,4,O,8,8,8,3,23,10
1906,7,7,4,O,10,7,7,3,23,10
1907,12,12,4,O,1,12,12,3,23,10
1908,3,3,4,O,3,3,3,3,23,10
1909,5,5,0,O,2,5,5,3,23,10
1910,19,19,0,O,1,19,19,3,23,2
1911,2,2,0,O,1,2,2,3,23,2
1912,4,4,0,O,2,4,4,3,23,2
1913,3,3,0,O,3,3,3,3,23,2
1914,2,2,0,O,5,2,2,3,23,2
1915,10,10,0,O,4,10,10,3,23,2
1916,0,0,0,O,6,0,0,3,23,2
1917,0,0,0,O,1,0,0,3,23,2
1918,0,0,0,O,2,0,0,3,23,2
1919,0,0,0,O,15,0,0,3,23,2
1920,0,0,0,O,2,0,0,3,23,2
1921,0,0,0,O,3,0,0,3,23,2
1922,0,0,0,O,2,0,0,3,23,2
1923,0,0,0,O,1,0,0,3,23,2
1924,0,0,0,O,3,0,0,3,23,3
1925,0,0,0,O,5,0,0,3,23,3
1926,0,0,0,O,4,0,0,3,23,3
1927,0,0,0,O,6,0,0,3,23,2
1928,0,0,0,O,9,0,0,3,23,2
1929,0,0,0,O,8,0,0,3,23,2
1930,0,0,0,O,7,0,0,3,23,2
1931,0,0,0,O,12,0,0,3,23,2
1932,0,0,0,O,3,0,0,3,23,2
1933,0,0,0,O,5,0,0,3,23,2
1934,0,0,0,O,19,0,0,3,23,3
1935,0,0,0,O,2,0,0,3,23,2
1936,0,0,0,O,4,0,0,3,23,2
1937,0,0,0,O,3,0,0,3,23,2
1938,0,0,0,O,2,0,0,3,23,2
1939,0,0,0,O,10,0,0,3,23,2
1940,0,0,0,O,6,0,0,3,23,2
1941,0,0,0,O,9,0,0,3,23,2
1942,0,0,0,O,8,0,0,3,23,45
1943,0,0,0,O,7,0,0,3,23,7
1944,0,0,0,O,12,0,0,3,23,6
1945,0,0,0,O,3,0,0,3,23,6
1946,0,0,0,O,5,0,0,3,23,6
1947,0,0,0,O,4,0,0,3,23,6
1948,0,0,0,O,6,0,0,3,23,6
1949,0,0,0,O,9,0,0,3,23,2
1950,0,0,0,O,8,0,0,3,23,2
1951,0,0,0,O,7,0,0,3,23,2
1952,0,0,0,O,12,0,0,3,23,2
1953,0,0,0,O,3,0,0,3,23,2
1954,0,0,0,O,5,0,0,3,23,2
1955,0,0,0,O,19,0,0,3,23,2
1956,0,0,0,O,2,0,0,3,23,2
1957,0,0,0,O,4,0,0,3,23,2
1958,0,0,0,O,3,0,0,3,23,2
1959,0,0,0,O,2,0,0,3,23,2
1960,0,0,0,O,10,0,0,3,23,47
1961,0,0,0,O,6,0,0,3,23,35
1962,0,0,3,O,9,0,0,3,23,35
1963,0,0,3,O,8,0,0,3,23,35
1964,0,0,3,O,7,0,0,3,23,22
1965,0,0,3,O,12,0,0,3,23,12
1966,0,0,3,O,3,0,0,3,23,35
1967,0,0,3,O,5,0,0,3,23,37
1968,0,0,3,O,19,0,0,3,23,30
1969,0,0,3,O,2,0,0,3,23,14
1970,0,0,3,O,4,0,0,3,23,27
1971,0,0,3,O,3,0,0,3,23,29
1972,0,0,3,O,2,0,0,3,23,20
1973,0,0,3,SIGABRT,10,0,0,3,23,8
1974,0,0,3,SIGABRT,2,0,0,3,23,8
1975,0,0,3,SIGABRT,3,0,0,3,23,8
1976,0,0,3,SIGABRT,2,0,0,3,23,8
1977,0,0,3,SIGABRT,5,0,0,3,23,8
1978,0,0,3,SIGABRT,4,0,0,3,23,8
1979,0,0,3,SIGABRT,7,0,0,3,23,8
1980,0,0,3,SIGABRT,1,0,0,3,23,8
1981,0,0,3,SIGABRT,0,0,0,3,23,8
1982,0,0,3,SIGABRT,2,0,0,3,23,8
1983,0,0,3,SIGABRT,1,0,0,3,23,8
1984,0,0,3,SIGABRT,3,0,0,3,23,8
1985,0,0,3,SIGABRT,4,0,0,3,23,8
1986,0,0,3,SIGABRT,6,0,0,3,23,8
1987,0,0,3,SIGABRT,5,0,0,3,23,8
1988,0,0,3,SIGABRT,4,0,0,3,23,8
1989,0,0,3,SIGABRT,7,0,0,3,23,8
1990,0,0,3,SIGABRT,1,0,0,3,23,8
1991,0,0,3,SIGABRT,0,0,0,3,23,8
1992,0,0,3,SIGABRT,2,0,0,3,23,8
1993,0,0,3,SIGABRT,1,0,0,3,23,8
1994,1,1,3,SIGABRT,3,1,1,3,23,8
1995,2,2,3,SIGABRT,4,2,2,3,23,8
1996,5,5,3,SIGABRT,6,5,5,3,23,8
1997,7,7,3,SIGABRT,2,7,7,3,23,8
1998,4,4,3,SIGABRT,1,4,4,3,23,8
1999,3,3,3,SIGABRT,3,3,3,3,23,8
2000,2,2,3,SIGABRT,4,2,2,3,23,8
2001,10,10,3,SIGABRT,7,10,10,3,23,8
2002,6,6,3,SIGABRT,8,6,6,3,23,8
2003,9,9,3,SIGABRT,10,9,9,3,23,8
2004,8,8,3,SIGABRT,1,8,8,3,23,8
2005,7,7,3,SIGABRT,3,7,7,3,23,8
2006,12,6,3,BAD_FILE_DESCRIPTOR,2,12,6,3,23,8
2007,3,3,3,BAD_FILE_DESCRIPTOR,1,3,3,3,23,8
2008,5,5,3,BAD_FILE_DESCRIPTOR,1,5,5,3,23,8
2009,19,6,3,BAD_FILE_DESCRIPTOR,2,19,6,3,23,8
2010,2,2,3,BAD_FILE_DESCRIPTOR,3,2,2,3,23,8
2011,4,4,3,BAD_FILE_DESCRIPTOR,5,4,4,3,23,8
2012,3,3,3,BAD_FILE_DESCRIPTOR,4,3,3,3,23,8
2013,2,2,3,BAD_FILE_DESCRIPTOR,6,2,2,3,23,8
2014,10,6,3,BAD_FILE_DESCRIPTOR,1,10,6,3,23,8
2015,2,2,3,BAD_FILE_DESCRIPTOR,2,2,2,3,23,8
2016,3,3,3,BAD_FILE_DESCRIPTOR,15,3,3,3,23,8
2017,2,2,3,BAD_FILE_DESCRIPTOR,2,2,2,3,23,8
2018,5,5,3,O,3,5,5,3,23,8
2019,4,4,3,O,2,4,4,3,23,8
2020,7,7,3,O,1,7,7,3,23,8
2021,1,1,3,O,3,1,1,3,23,8
2022,0,0,3,O,5,0,0,3,23,8
2023,2,2,3,O,4,2,2,3,23,8
2024,1,1,3,O,6,1,1,3,23,8
2025,3,3,3,O,9,3,3,3,23,8
2026,4,4,3,O,8,4,4,3,23,8
2027,6,6,3,O,7,6,6,3,23,8
2028,5,5,3,O,12,5,5,3,23,8
2029,4,4,3,O,3,4,4,3,23,8
2030,7,7,3,O,5,7,7,3,23,8
2031,1,1,3,O,19,1,1,3,23,8
2032,0,0,3,O,2,0,0,3,23,8
2033,2,2,3,O,4,2,2,3,23,8
2034,1,1,3,O,3,1,1,3,23,8
2035,3,3,3,O,2,3,3,3,23,8
2036,4,4,3,O,10,4,4,3,23,8
2037,6,6,3,O,6,6,6,3,23,8
2038,2,2,3,O,9,2,2,3,23,8
2039,1,1,3,O,8,1,1,3,23,8
2040,3,3,3,O,7,3,3,3,23,8
2041,4,4,3,O,12,4,4,3,23,8
2042,7,7,3,O,12,7,7,3,23,8
2043,8,8,3,O,3,8,8,3,23,8
2044,10,5,3,O,5,10,5,3,23,8
2045,1,1,3,O,19,1,1,3,23,8
2046,3,3,3,O,2,3,3,3,23,8
2047,2,2,3,O,4,2,2,3,23,8
2048,1,1,3,O,3,1,1,3,23,8
2049,1,1,3,O,2,1,1,0,23,8
2050,2,2,3,O,10,2,2,0,23,8
2051,3,3,3,O,6,3,3,0,23,8
2052,5,5,3,O,9,5,5,0,23,8
2053,4,4,3,O,8,4,4,0,23,8
2054,6,6,3,O,7,6,6,0,23,8
2055,1,1,3,O,12,1,1,0,23,8
2056,2,2,3,O,3,2,2,0,23,8
2057,15,15,3,O,5,15,15,0,23,8
2058,2,2,3,O,19,2,2,0,23,8
2059,3,3,3,O,2,3,3,0,23,8
2060,2,2,3,O,4,2,2,0,23,8
2061,1,1,3,O,3,1,1,0,23,8
2062,3,3,3,O,2,3,3,0,23,8
2063,5,5,3,O,10,5,5,0,23,8
2064,4,4,3,O,2,4,4,0,23,8
2065,6,6,3,O,3,6,6,0,23,8
2066,9,9,3,O,2,9,9,0,23,8
2067,8,8,3,O,5,8,8,0,23,8
2068,7,7,3,O,4,7,7,0,23,8
2069,12,7,3,O,7,12,7,0,23,8
2070,3,3,3,O,1,3,3,0,23,8
2071,5,5,3,O,0,5,5,0,23,8
2072,19,5,3,O,2,19,5,0,23,8
2073,2,2,3,O,1,2,2,0,23,8
2074,4,4,3,O,3,4,4,0,23,8
2075,3,3,3,O,4,3,3,0,23,8
2076,2,2,3,O,6,2,2,0,23,8
2077,10,9,3,O,5,10,9,0,23,8
2078,6,6,3,O,4,6,6,0,23,8
2079,9,9,3,O,7,9,9,0,23,8
2080,8,8,3,O,1,8,8,0,23,8
2081,7,7,3,O,0,7,7,0,23,8
2082,12,7,3,O,2,12,7,0,23,8
2083,3,3,3,O,1,3,3,0,23,8
2084,5,5,3,O,3,5,5,0,23,8
2085,4,4,3,O,4,4,4,0,23,8
2086,6,6,3,O,6,6,6,0,23,8
2087,9,9,3,O,2,9,9,0,23,8
2088,8,8,3,O,1,8,8,0,23,8
2089,7,7,3,O,3,7,7,0,23,47
2090,12,12,3,O,4,12,12,0,23,35
2091,3,3,3,O,7,3,3,0,23,35
2092,5,5,3,O,8,5,5,0,23,35
2093,19,19,3,O,10,19,19,0,23,22
2094,2,2,3,O,1,2,2,0,23,12
2095,4,4,3,O,3,4,4,0,23,35
2096,3,3,3,O,2,3,3,0,23,37
2097,4,4,3,O,1,4,4,0,23,30
2098,3,3,3,O,1,3,3,0,23,14
2099,2,2,3,O,2,2,2,0,23,27
2100,10,10,3,O,3,10,10,0,23,29
2101,6,6,3,O,5,6,6,0,23,20
2102,9,9,3,O,4,9,9,0,23,40
2103,8,8,3,O,6,8,8,0,23,36
2104,7,7,3,O,1,7,7,0,23,20
2105,12,12,3,O,2,12,12,0,23,44
2106,3,3,3,O,15,3,3,0,23,30
2107,5,5,3,O,2,5,5,0,23,32
2108,19,19,3,O,3,19,19,0,23,27
2109,2,2,3,O,2,2,2,0,23,18
2110,4,4,3,O,1,4,4,0,23,20
2111,3,3,3,O,3,3,3,0,23,23
2112,2,2,3,O,5,2,2,0,23,27
2113,10,10,3,O,4,10,10,0,23,18
2114,2,2,3,O,6,2,2,0,23,19
2115,3,3,3,O,9,3,3,0,23,20
2116,2,2,3,O,8,2,2,0,23,21
2117,5,5,3,O,7,5,5,0,23,22
2118,4,4,3,O,12,4,4,0,23,23
2119,7,7,3,O,3,7,7,0,23,24
2120,1,1,3,O,5,1,1,0,23,25
2121,0,0,3,O,19,0,0,0,23,26
2122,2,2,3,O,2,2,2,0,23,27
2123,1,1,3,O,4,1,1,0,23,28
2124,3,3,3,O,3,3,3,0,23,18
2125,4,4,3,O,2,4,4,0,23,20
2126,6,6,3,O,10,6,6,0,23,14
2127,5,5,3,O,6,5,5,0,23,11
2128,4,4,3,O,9,4,4,0,23,12
2129,7,7,3,O,8,7,7,0,23,13
2130,1,1,3,O,7,1,1,0,23,14
2131,0,0,3,O,12,0,0,0,23,15
2132,2,2,3,O,4,2,2,0,23,16
2133,1,1,3,O,3,1,1,0,23,17
2134,3,3,3,O,2,3,3,0,23,18
2135,4,4,3,O,10,4,4,0,23,19
2136,6,6,3,O,6,6,6,0,23,20
2137,2,2,3,O,9,2,2,0,23,21
2138,1,1,3,O,8,1,1,0,23,22
2139,3,3,3,O,7,3,3,0,19,23
2140,4,4,3,O,12,4,4,0,19,24
2141,7,7,3,O,3,7,7,0,19,25
2142,8,8,3,O,5,8,8,0,19,26
2143,10,10,3,O,4,10,10,0,19,23
2144,1,1,3,O,6,1,1,0,19,24
2145,3,3,3,O,9,3,3,0,19,25
2146,2,2,3,O,8,2,2,0,19,26
2147,1,1,3,O,7,1,1,0,19,27
2148,1,1,3,O,12,1,1,0,19,28
2149,2,2,3,O,3,2,2,0,19,18
2150,3,3,3,O,5,3,3,0,19,20
2151,5,5,3,O,19,5,5,0,19,14
2152,4,4,3,O,2,4,4,0,19,11
2153,6,6,3,O,4,6,6,0,19,12
2154,1,1,3,O,3,1,1,0,19,13
2155,2,2,3,O,2,2,2,0,19,14
2156,15,15,3,O,10,15,15,0,19,15
2157,2,2,3,O,6,2,2,0,19,16
2158,3,3,3,O,9,3,3,0,19,17
2159,2,2,3,O,8,2,2,0,19,18
2160,1,1,3,O,7,1,1,0,19,19
2161,3,3,3,O,12,3,3,0,19,20
2162,5,5,3,O,3,5,5,0,19,21
2163,4,4,3,O,5,4,4,0,19,17
2164,6,6,3,O,19,6,6,0,19,14
2165,9,9,3,O,2,9,9,0,19,2
2166,8,8,3,O,4,8,8,0,19,3
2167,7,7,3,O,3,7,7,0,19,5
2168,12,12,3,O,2,12,12,0,19,4
2169,3,3,3,O,10,3,3,0,19,8
2170,5,5,3,O,2,5,5,0,19,9
2171,19,19,3,O,3,19,19,0,19,12
2172,2,2,3,O,2,2,2,0,19,18
2173,4,4,3,O,5,4,4,0,19,23
2174,3,3,3,O,4,3,3,0,19,24
2175,2,2,3,O,7,2,2,0,19,25
2176,10,10,3,O,1,10,10,0,19,26
2177,6,6,3,O,0,6,6,0,19,27
2178,9,9,3,O,2,9,9,0,19,28
2179,8,8,3,O,1,8,8,0,19,18
2180,7,7,3,O,3,7,7,0,19,20
2181,12,12,3,O,4,12,12,0,19,14
2182,3,3,3,O,6,3,3,0,19,11
2183,5,5,3,O,5,5,5,0,19,12
2184,4,4,3,O,4,4,4,0,19,13
2185,6,6,3,O,7,6,6,0,19,14
2186,9,9,3,O,1,9,9,0,19,15
2187,8,8,3,O,0,8,8,0,19,16
2188,7,7,3,O,2,7,7,0,19,17
2189,12,12,3,O,1,12,12,0,19,18
2190,3,3,3,O,3,3,3,0,19,19
2191,5,5,3,O,4,5,5,0,19,20
2192,19,19,3,O,6,19,19,0,19,21
2193,2,2,3,O,2,2,2,0,19,44
2194,4,4,3,O,1,4,4,0,19,30
2195,0,0,3,O,3,0,0,0,19,32
2196,0,0,0,O,4,0,0,0,19,27
2197,0,0,0,O,7,0,0,0,19,18
2198,0,0,0,O,8,0,0,0,19,20
2199,0,0,0,O,10,0,0,0,19,23
2200,0,0,0,O,1,0,0,0,19,27
2201,0,0,0,O,3,0,0,0,19,18
2202,0,0,0,O,2,0,0,0,19,19
2203,0,0,0,O,1,0,0,0,19,20
2204,0,0,0,O,1,0,0,0,19,21
2205,0,0,0,O,2,0,0,0,19,22
2206,0,0,0,O,3,0,0,0,19,23
2207,0,0,0,O,5,0,0,0,19,24
2208,0,0,0,O,4,0,0,0,19,25
2209,0,0,0,O,6,0,0,0,19,26
2210,0,0,0,O,1,0,0,0,19,27
2211,0,0,0,O,2,0,0,0,19,28
2212,0,0,0,O,15,0,0,0,19,18
2213,0,0,0,O,2,0,0,0,19,20
2214,0,0,0,O,3,0,0,0,19,14
2215,0,0,0,O,2,0,0,0,19,11
2216,0,0,0,O,1,0,0,0,19,12
2217,0,0,0,O,3,0,0,0,19,13
2218,0,0,0,O,5,0,0,0,19,14
2219,0,0,0,O,4,0,0,0,19,15
2220,0,0,0,O,6,0,0,0,19,16
2221,0,0,0,O,9,0,0,0,19,17
2222,0,0,0,O,8,0,0,0,19,18
2223,0,0,0,O,2,0,0,0,19,19
2224,0,0,0,O,2,0,0,0,19,20
2225,0,0,0,O,2,0,0,0,19,21
2226,0,0,0,O,2,0,0,0,19,22
2227,0,0,0,O,2,0,0,0,19,23
2228,0,0,0,O,2,0,0,0,19,24
2229,0,0,0,O,2,0,0,0,19,25
2230,0,0,0,O,2,0,0,0,19,26
2231,0,0,0,O,2,0,0,0,19,23
2232,0,0,0,O,2,0,0,0,19,24
2233,0,0,0,O,2,0,0,0,19,25
2234,0,0,0,O,2,0,0,0,19,26
2235,0,0,0,O,2,0,0,0,19,27
2236,0,0,0,O,2,0,0,0,19,28
2237,0,0,0,O,2,0,0,0,19,18
2238,0,0,0,O,2,0,0,0,19,20
2239,0,0,0,O,2,0,0,0,19,14
2240,0,0,0,O,2,0,0,0,19,11
2241,0,0,0,O,2,0,0,0,19,12
2242,0,0,0,O,2,0,0,0,19,13
2243,0,0,0,O,2,0,0,0,19,14
2244,0,0,0,O,2,0,0,0,19,3
2245,0,0,0,O,2,0,0,0,19,4
2246,0,0,0,O,2,0,0,0,19,5
2247,0,0,0,O,2,0,0,0,19,6
2248,0,0,0,O,2,0,0,0,19,7
2249,0,0,0,O,2,0,0,0,19,8
2250,0,0,0,O,2,0,0,0,19,9
2251,0,0,0,O,2,0,0,0,19,10
2252,0,0,0,O,2,0,0,0,19,11
2253,0,0,0,O,2,0,0,0,19,12
2254,0,0,0,O,2,0,0,0,19,13
2255,0,0,0,O,2,0,0,0,19,14
2256,0,0,0,O,2,0,0,0,19,15
2257,0,0,0,O,2,0,0,0,19,16
2258,0,0,0,O,2,0,0,0,19,17
2259,0,0,0,O,2,0,0,0,19,18
2260,0,0,0,O,2,0,0,0,19,19
2261,0,0,0,O,2,0,0,0,19,20
2262,0,0,0,O,2,0,0,0,19,21
2263,0,0,0,O,2,0,0,0,19,22
2264,0,0,0,O,2,0,0,0,19,23
2265,0,0,0,O,2,0,0,0,19,24
2266,0,0,0,O,2,0,0,0,19,25
2267,0,0,0,O,2,0,0,0,19,26
2268,0,0,0,O,2,0,0,0,19,27
2269,0,0,0,O,2,0,0,0,19,28
2270,0,0,0,O,2,0,0,0,19,7
2271,0,0,0,O,2,0,0,0,19,7
2272,0,0,0,O,2,0,0,0,19,7
2273,0,0,0,O,2,0,0,0,19,3
2274,0,0,0,O,2,0,0,0,19,3
2275,0,0,0,O,2,0,0,0,19,3
2276,0,0,0,O,2,0,0,0,19,3
2277,0,0,0,O,2,0,0,0,19,3
2278,0,0,0,O,2,0,0,0,19,4
2279,0,0,0,O,2,0,0,0,19,4
2280,0,0,0,O,2,0,0,0,19,4
2281,0,0,0,O,2,0,0,0,19,4
2282,0,0,0,O,2,0,0,0,19,3
2283,0,0,0,O,2,0,0,0,19,3
2284,0,0,0,O,2,0,0,0,19,3
2285,0,0,0,O,2,0,0,0,19,3
2286,0,0,0,O,2,0,0,0,19,3
2287,0,0,0,O,2,0,0,0,19,9
2288,0,0,0,O,2,0,0,0,19,9
2289,0,0,0,O,2,0,0,0,19,9
2290,0,0,0,O,2,0,0,0,19,9
2291,0,0,0,O,2,0,0,0,19,9
2292,0,0,0,O,2,0,0,0,19,9
2293,0,0,0,O,2,0,0,0,19,9
2294,0,0,0,O,2,0,0,0,19,9
2295,0,0,0,O,2,0,0,0,19,9
2296,0,0,0,O,2,0,0,0,19,2
2297,0,0,0,O,2,0,0,0,19,2
2298,0,0,0,O,2,0,0,0,19,2
2299,0,0,0,O,2,0,0,0,19,2
2300,0,0,0,O,2,0,0,0,19,2
2301,0,0,0,O,2,0,0,0,19,2
2302,0,0,0,O,2,0,0,0,19,2
2303,0,0,0,O,2,0,0,0,19,2
2304,0,0,0,O,2,0,0,0,19,2
2305,0,0,0,O,2,0,0,0,19,2
2306,0,0,0,O,2,0,0,0,19,2
2307,0,0,0,O,2,0,0,0,19,2
2308,0,0,0,O,2,0,0,0,19,2
2309,0,0,0,O,2,0,0,0,19,2
2310,0,0,0,O,2,0,0,0,19,2
2311,0,0,0,O,2,0,0,0,19,2
2312,0,0,0,O,2,0,0,0,19,2
2313,0,0,0,O,2,0,0,0,19,2
2314,0,0,0,O,2,0,0,0,19,2
2315,0,0,0,O,2,0,0,0,19,2
2316,0,0,0,O,2,0,0,0,19,2
2317,0,0,0,O,2,0,0,0,19,2
2318,0,0,0,O,2,0,0,0,19,2
2319,0,0,0,O,2,0,0,0,19,2
2320,0,0,0,O,2,0,0,0,19,2
2321,0,0,0,O,2,0,0,0,19,2
2322,0,0,0,O,2,0,0,0,19,2
2323,0,0,0,O,2,0,0,0,19,2
2324,0,0,0,O,2,0,0,0,19,4
2325,0,0,0,O,2,0,0,0,19,4
2326,0,0,0,O,2,0,0,0,19,4
2327,0,0,0,O,2,0,0,0,19,4
2328,0,0,0,O,2,0,0,0,19,4
2329,0,0,0,SIGTERM,2,0,0,0,19,4
2330,0,0,0,SIGWINCH,2,0,0,0,19,4
2331,0,0,0,SIGWINCH,2,0,0,0,19,4
2332,0,0,0,SIGWINCH,2,0,0,0,19,4
2333,0,0,0,SIGWINCH,2,0,0,0,19,4
2334,0,0,0,SIGWINCH,2,0,0,0,19,4
2335,0,0,0,SIGWINCH,2,0,0,0,19,4
2336,0,0,0,SIGWINCH,2,0,0,0,19,4
2337,0,0,0,SIGWINCH,2,0,0,0,19,4
2338,0,0,0,SIGWINCH,2,0,0,0,19,4
2339,0,0,0,SIGWINCH,2,0,0,0,19,4
2340,0,0,0,SIGWINCH,2,0,0,0,19,4
2341,0,0,0,SIGWINCH,2,0,0,0,19,4
2342,0,0,0,SIGWINCH,2,0,0,0,19,4
2343,0,0,0,SIGWINCH,2,0,0,0,19,4
2344,0,0,0,SIGWINCH,2,0,0,0,19,4
2345,0,0,0,SIGWINCH,2,0,0,0,19,4
2346,0,0,0,SIGWINCH,2,0,0,0,19,4
2347,0,0,0,SIGWINCH,2,0,0,0,19,4
2348,0,0,0,SIGWINCH,2,0,0,0,19,4
2349,0,0,0,SIGWINCH,2,0,0,0,19,4
2350,0,0,0,SIGWINCH,2,0,0,0,19,4
2351,0,0,0,SIGWINCH,2,0,0,0,19,4
2352,0,0,0,SIGWINCH,2,0,0,0,19,4
2353,0,0,0,SIGWINCH,2,0,0,0,19,4
2354,0,0,0,SIGWINCH,2,0,0,0,19,4
2355,0,0,0,SIGWINCH,2,0,0,0,19,4
2356,0,0,0,SIGWINCH,2,0,0,0,19,4
2357,0,0,0,SIGWINCH,2,0,0,0,19,4
2358,0,0,0,SIGWINCH,2,0,0,0,19,4
2359,0,0,0,SIGWINCH,2,0,0,0,19,4
2360,0,0,0,SIGWINCH,2,0,0,0,19,4
2361,0,0,0,SIGWINCH,2,0,0,0,19,4
2362,0,0,0,SIGWINCH,2,0,0,0,19,4
2363,0,0,0,SIGWINCH,2,0,0,0,19,4
2364,0,0,0,SIGWINCH,2,0,0,0,19,4
2365,0,0,0,SIGWINCH,2,0,0,0,19,4
2366,0,0,0,SIGWINCH,2,0,0,0,19,4
2367,0,0,0,SIGWINCH,2,0,0,0,19,4
2368,0,0,0,SIGWINCH,2,0,0,0,19,4
2369,0,0,0,SIGWINCH,2,0,0,0,19,4
2370,0,0,0,SIGWINCH,2,0,0,0,19,4
2371,0,0,0,SIGWINCH,2,0,0,0,19,4
2372,0,0,0,SIGWINCH,2,0,0,0,19,4
2373,0,0,0,SIGWINCH,2,0,0,0,19,4
2374,0,0,0,SIGWINCH,2,0,0,0,19,4
2375,0,0,0,SIGWINCH,2,0,0,0,19,4
2376,0,0,0,SIGWINCH,2,0,0,0,19,4
2377,0,0,0,SIGWINCH,2,0,0,0,19,4
2378,0,0,0,SIGWINCH,2,0,0,0,19,4
2379,0,0,0,SIGWINCH,2,0,0,0,19,4
2380,0,0,0,SIGWINCH,2,0,0,0,19,4
2381,0,0,0,SIGWINCH,2,0,0,0,19,4
2382,0,0,0,SIGWINCH,2,0,0,0,19,4
2383,0,0,0,SIGWINCH,2,0,0,0,19,4
2384,0,0,0,SIGWINCH,2,0,0,0,19,4
2385,0,0,0,SIGWINCH,2,0,0,0,19,4
2386,0,0,0,SIGWINCH,2,0,0,0,19,4
2387,0,0,0,SIGWINCH,2,0,0,0,19,4
2388,0,0,0,SIGWINCH,2,0,0,0,19,4
2389,0,0,0,SIGWINCH,2,0,0,0,19,4
2390,0,0,0,SIGWINCH,2,0,0,0,19,4
2391,0,0,0,SIGWINCH,2,0,0,0,19,4
2392,0,0,0,SIGWINCH,2,0,0,0,19,4
2393,0,0,0,SIGWINCH,2,0,0,0,19,4
2394,0,0,0,SIGWINCH,2,0,0,0,19,4
2395,0,0,0,SIGWINCH,2,0,0,0,19,4
2396,0,0,0,SIGWINCH,2,0,0,0,19,4
2397,0,0,0,SIGWINCH,2,0,0,0,19,4
2398,0,0,0,SIGWINCH,2,0,0,0,19,4
2399,0,0,0,SIGWINCH,2,0,0,0,19,4
2400,0,0,0,SIGWINCH,2,0,0,0,19,4
2401,0,0,0,SIGWINCH,2,0,0,0,19,4
2402,0,0,0,SIGWINCH,2,0,0,0,19,4
2403,0,0,0,SIGWINCH,2,0,0,0,19,4
2404,0,0,0,SIGWINCH,2,0,0,0,19,4
2405,0,0,0,SIGWINCH,2,0,0,0,19,4
2406,0,0,0,SIGWINCH,2,0,0,0,19,4
2407,0,0,0,SIGWINCH,2,0,0,0,19,4
2408,0,0,0,SIGWINCH,2,0,0,0,19,4
2409,0,0,0,SIGWINCH,2,0,0,0,19,4
2410,0,0,0,SIGWINCH,2,0,0,0,19,4
2411,0,0,0,SIGWINCH,2,0,0,0,19,4
2412,0,0,0,SIGWINCH,2,0,0,0,19,4
2413,0,0,0,SIGWINCH,2,0,0,0,19,4
2414,0,0,0,SIGWINCH,2,0,0,0,19,4
2415,0,0,0,SIGWINCH,2,0,0,0,19,4
2416,0,0,0,SIGWINCH,2,0,0,0,19,4
2417,0,0,0,SIGWINCH,2,0,0,0,19,4
2418,0,0,0,SIGWINCH,2,0,0,0,19,4
2419,0,0,0,SIGWINCH,2,0,0,0,19,4
2420,0,0,0,SIGWINCH,2,0,0,0,19,4
2421,0,0,0,SIGWINCH,2,0,0,0,19,4
2422,0,0,0,SIGWINCH,2,0,0,0,19,4
2423,0,0,0,SIGWINCH,2,0,0,0,19,4
2424,0,0,0,SIGWINCH,2,0,0,0,19,4
2425,0,0,0,SIGWINCH,2,0,0,0,19,4
2426,0,0,0,SIGWINCH,2,0,0,0,19,4
2427,0,0,0,SIGWINCH,2,0,0,0,19,4
2428,0,0,0,SIGWINCH,2,0,0,0,19,4
2429,0,0,0,SIGWINCH,2,0,0,0,19,4
2430,0,0,0,SIGWINCH,2,0,0,0,19,4
2431,0,0,0,SIGWINCH,2,0,0,0,19,4
2432,0,0,0,SIGWINCH,2,0,0,0,19,4
2433,0,0,0,SIGWINCH,2,0,0,0,19,4
2434,0,0,0,SIGWINCH,2,0,0,0,19,4
2435,0,0,0,SIGWINCH,2,0,0,0,19,4
2436,0,0,0,SIGWINCH,2,0,0,0,19,4
2437,0,0,0,SIGWINCH,2,0,0,0,19,4
2438,0,0,0,SIGWINCH,2,0,0,0,19,4
2439,0,0,0,SIGWINCH,2,0,0,0,19,4
2440,0,0,0,SIGWINCH,2,0,0,0,19,4
2441,0,0,0,SIGWINCH,2,0,0,0,19,4
2442,0,0,0,SIGWINCH,2,0,0,0,19,4
2443,0,0,0,SIGWINCH,2,0,0,0,19,4
2444,0,0,0,SIGWINCH,2,0,0,0,19,4
2445,0,0,0,SIGWINCH,2,0,0,0,19,4
2446,0,0,0,SIGWINCH,2,0,0,0,19,4
2447,0,0,0,SIGWINCH,2,0,0,0,19,4
2448,0,0,0,SIGWINCH,2,0,0,0,19,4
2449,0,0,0,SIGWINCH,2,0,0,0,19,4
2450,0,0,0,SIGWINCH,2,0,0,0,19,4
2451,0,0,0,SIGWINCH,2,0,0,0,19,4
2452,0,0,0,SIGWINCH,2,0,0,0,19,4
2453,0,0,0,SIGWINCH,2,0,0,0,19,4
2454,0,0,0,SIGWINCH,2,0,0,0,19,4
2455,0,0,0,SIGWINCH,2,0,0,0,19,4
2456,0,0,0,SIGWINCH,2,0,0,0,19,4
2457,0,0,0,SIGWINCH,2,0,0,0,19,4
2458,0,0,0,SIGWINCH,2,0,0,0,19,4
2459,0,0,0,SIGWINCH,2,0,0,0,19,4
2460,0,0,0,SIGWINCH,2,0,0,0,19,4
2461,0,0,0,SIGWINCH,2,0,0,0,19,4
2462,0,0,0,SIGWINCH,2,0,0,0,19,4
2463,0,0,0,SIGWINCH,2,0,0,0,19,4
2464,0,0,0,SIGWINCH,2,0,0,0,19,4
2465,0,0,0,SIGWINCH,2,0,0,0,19,4
2466,0,0,0,SIGWINCH,2,0,0,0,19,4
2467,0,0,0,SIGWINCH,2,0,0,0,19,4
2468,0,0,0,SIGWINCH,2,0,0,0,19,4
2469,0,0,0,SIGWINCH,2,0,0,0,19,4
2470,0,0,0,SIGWINCH,2,0,0,0,19,4
2471,0,0,0,SIGWINCH,2,0,0,0,19,4
2472,0,0,0,SIGWINCH,2,0,0,0,19,4
2473,0,0,0,SIGWINCH,2,0,0,0,19,4
2474,0,0,0,SIGWINCH,2,0,0,0,19,4
2475,0,0,0,SIGWINCH,2,0,0,0,19,4
2476,0,0,0,SIGWINCH,2,0,0,0,19,4
2477,0,0,0,SIGWINCH,2,0,0,0,19,4
2478,0,0,0,SIGWINCH,2,0,0,0,19,4
2479,0,0,0,SIGWINCH,2,0,0,0,19,4
2480,0,0,0,SIGWINCH,2,0,0,0,19,4
2481,0,0,0,SIGWINCH,2,0,0,0,19,4
2482,0,0,0,SIGWINCH,2,0,0,0,19,4
2483,0,0,0,SIGWINCH,2,0,0,0,19,4
2484,0,0,0,SIGWINCH,2,0,0,0,19,4
2485,0,0,0,SIGWINCH,2,0,0,0,19,4
2486,0,0,0,SIGWINCH,2,0,0,0,19,4
2487,0,0,0,SIGWINCH,2,0,0,0,19,4
2488,0,0,0,SIGWINCH,2,0,0,0,19,4
2489,0,0,0,SIGWINCH,2,0,0,0,19,4
2490,0,0,0,SIGWINCH,2,0,0,0,19,4
2491,0,0,0,SIGWINCH,2,0,0,0,19,4
2492,0,0,0,SIGWINCH,2,0,0,0,19,4
2493,0,0,0,SIGWINCH,2,0,0,0,19,4
2494,0,0,0,SIGWINCH,2,0,0,0,19,4
2495,0,0,0,SIGWINCH,2,0,0,0,19,4
2496,0,0,0,SIGWINCH,2,0,0,0,19,4
2497,0,0,0,SIGWINCH,2,0,0,0,19,4
2498,0,0,0,SIGWINCH,2,0,0,0,19,4
2499,0,0,0,SIGWINCH,2,0,0,0,19,4
2500,0,0,0,SIGWINCH,2,0,0,0,19,4
2501,0,0,0,SIGWINCH,2,0,0,0,19,4
2502,0,0,0,SIGWINCH,2,0,0,0,19,4
2503,0,0,0,SIGWINCH,2,0,0,0,19,4
2504,0,0,0,SIGWINCH,2,0,0,0,19,4
2505,0,0,0,SIGWINCH,2,0,0,0,19,4
2506,0,0,0,SIGWINCH,2,0,0,0,19,4
2507,0,0,0,SIGWINCH,2,0,0,0,19,4
2508,0,0,0,SIGWINCH,2,0,0,0,19,4
2509,0,0,0,SIGWINCH,2,0,0,0,19,4
2510,0,0,0,SIGWINCH,2,0,0,0,19,4
2511,0,0,0,SIGWINCH,2,0,0,0,19,4
2512,0,0,0,SIGWINCH,2,0,0,0,19,4
2513,0,0,0,SIGWINCH,2,0,0,0,19,4
2514,0,0,0,SIGWINCH,2,0,0,0,19,20
2515,0,0,0,SIGWINCH,2,0,0,0,19,44
2516,0,0,0,SIGWINCH,2,0,0,0,19,30
2517,0,0,0,SIGWINCH,2,0,0,0,19,32
2518,0,0,0,SIGWINCH,2,0,0,0,19,27
2519,0,0,0,SIGWINCH,2,0,0,0,19,18
2520,0,0,0,SIGWINCH,2,0,0,0,19,20
2521,0,0,0,SIGWINCH,2,0,0,0,19,23
2522,0,0,0,SIGWINCH,2,0,0,0,19,27
2523,0,0,0,SIGWINCH,2,0,0,0,27,18
2524,0,0,0,SIGWINCH,2,0,0,0,27,19
2525,0,0,0,SIGWINCH,2,0,0,0,27,20
2526,0,0,0,SIGWINCH,2,0,0,0,27,21
2527,0,0,0,SIGWINCH,2,0,0,0,27,22
2528,0,0,0,SIGWINCH,2,0,0,0,27,23
2529,0,0,0,SIGWINCH,2,0,0,0,27,24
2530,0,0,0,SIGWINCH,2,0,0,0,27,25
2531,0,0,0,SIGWINCH,2,0,0,0,27,26
2532,0,0,0,SIGWINCH,2,0,0,0,27,27
2533,0,0,0,SIGWINCH,2,0,0,0,27,28
2534,0,0,0,SIGWINCH,2,0,0,0,27,18
2535,0,0,0,SIGWINCH,2,0,0,0,27,20
2536,0,0,0,SIGWINCH,2,0,0,0,27,14
2537,0,0,0,SIGWINCH,2,0,0,0,27,11
2538,0,0,0,SIGWINCH,2,0,0,0,27,12
2539,0,0,0,SIGWINCH,2,0,0,0,27,13
2540,0,0,0,SIGWINCH,2,0,0,0,27,14
2541,0,0,0,SIGWINCH,2,0,0,0,27,15
2542,0,0,0,SIGWINCH,2,0,0,0,27,16
2543,0,0,0,SIGWINCH,2,0,0,0,27,17
2544,0,0,0,SIGWINCH,2,0,0,0,27,18
2545,0,0,0,O,2,0,0,0,27,19
2546,0,0,0,O,2,0,0,0,27,20
2547,0,0,0,O,2,0,0,0,27,21
2548,0,0,0,O,2,0,0,0,27,22
2549,0,0,0,O,2,0,0,0,27,23
2550,0,0,0,O,2,0,0,0,27,24
2551,0,0,0,O,2,0,0,0,27,25
2552,0,0,0,O,2,0,0,0,27,26
2553,0,0,0,O,2,0,0,0,27,23
2554,0,0,0,O,2,0,0,0,27,24
2555,0,0,0,O,2,0,0,0,27,25
2556,0,0,0,O,2,0,0,0,27,26
2557,0,0,0,O,2,0,0,0,27,27
2558,0,0,0,O,2,0,0,0,27,28
2559,0,0,0,O,2,0,0,0,27,18
2560,0,0,0,O,2,0,0,0,27,20
2561,0,0,0,O,2,0,0,0,27,14
2562,0,0,0,O,2,0,0,0,27,11
2563,0,0,0,O,2,0,0,0,27,12
2564,0,0,0,O,2,0,0,0,27,13
2565,0,0,0,O,2,0,0,0,27,14
2566,0,0,0,O,2,0,0,0,27,3
2567,0,0,0,O,2,0,0,0,27,4
2568,0,0,0,O,2,0,0,0,27,5
2569,0,0,0,O,2,0,0,0,27,6
2570,0,0,0,O,2,0,0,0,27,7
2571,0,0,0,O,2,0,0,0,27,8
2572,0,0,0,O,2,0,0,0,27,9
2573,0,0,0,O,2,0,0,0,27,10
2574,0,0,0,O,2,0,0,0,27,11
2575,0,0,0,O,2,0,0,0,27,12
2576,0,0,0,O,2,0,0,0,27,13
2577,0,0,0,O,2,0,0,0,27,14
2578,0,0,0,O,2,0,0,0,27,15
2579,0,0,0,O,2,0,0,0,27,16
2580,0,0,0,O,2,0,0,0,27,17
2581,0,0,0,O,2,0,0,0,27,18
2582,0,0,0,O,2,0,0,0,27,19
2583,0,0,0,O,2,0,0,0,27,20
2584,0,0,0,O,2,0,0,0,27,21
2585,0,0,0,O,2,0,0,0,27,22
2586,0,0,0,O,2,0,0,0,27,23
2587,0,0,0,O,2,0,0,0,27,24
2588,0,0,0,O,2,0,0,0,27,25
2589,0,0,0,O,2,0,0,0,27,26
2590,0,0,0,O,2,0,0,0,27,27
2591,0,0,0,O,2,0,0,0,27,28
2592,0,0,0,O,2,0,0,0,27,7
2593,0,0,0,O,2,0,0,0,27,7
2594,0,0,0,O,2,0,0,0,27,7
2595,0,0,0,O,2,0,0,0,27,3
2596,0,0,0,O,2,0,0,0,27,3
2597,0,0,0,O,2,0,0,0,27,3
2598,0,0,0,O,2,0,0,0,27,3
2599,0,0,0,O,2,0,0,0,27,3
2600,0,0,0,O,2,0,0,0,27,4
2601,0,0,0,O,2,0,0,0,27,4
2602,0,0,0,O,2,0,0,0,27,4
2603,0,0,0,O,2,0,0,0,27,4
2604,0,0,0,O,2,0,0,0,27,3
2605,0,0,0,O,2,0,0,0,27,3
2606,0,0,0,O,2,0,0,0,27,3
2607,0,0,0,O,2,0,0,0,27,3
2608,0,0,0,O,2,0,0,0,27,3
2609,0,0,0,O,2,0,0,0,27,9
2610,0,0,0,O,2,0,0,0,27,9
2611,0,0,0,O,2,0,0,0,27,9
2612,0,0,0,O,2,0,0,0,27,9
2613,0,0,0,O,2,0,0,0,27,9
2614,0,0,0,O,2,0,0,0,27,9
2615,0,0,0,O,2,0,0,0,27,9
2616,0,0,0,O,2,0,0,0,27,9
2617,0,0,0,O,2,0,0,0,27,9
2618,0,0,0,O,2,0,0,0,27,2
2619,0,0,0,O,2,0,0,0,27,2
2620,0,0,0,O,2,0,0,0,27,2
2621,0,0,0,O,2,0,0,0,27,2
2622,0,0,0,O,2,0,0,0,27,2
2623,0,0,0,O,2,0,0,0,27,2
2624,0,0,0,O,2,0,0,0,27,2
2625,0,0,0,O,2,0,0,0,27,2
2626,0,0,0,O,2,0,0,0,27,2
2627,0,0,0,O,2,0,0,0,27,2
2628,0,0,0,O,2,0,0,0,27,2
2629,0,0,0,O,2,0,0,0,27,2
2630,0,0,0,O,2,0,0,0,27,2
2631,0,0,0,O,2,0,0,0,27,2
2632,0,0,0,O,2,0,0,0,27,2
2633,0,0,0,O,2,0,0,0,27,2
2634,0,0,0,O,2,0,0,0,27,2
2635,0,0,0,O,2,0,0,0,27,2
2636,0,0,0,O,2,0,0,0,27,2
2637,0,0,0,O,2,0,0,0,27,2
2638,0,0,0,O,2,0,0,0,27,2
2639,0,0,0,O,2,0,0,0,27,2
2640,0,0,0,O,2,0,0,0,27,2
2641,0,0,0,O,2,0,0,0,27,2
2642,0,0,0,O,2,0,0,0,27,2
2643,0,0,0,O,2,0,0,0,27,2
2644,0,0,0,O,2,0,0,0,27,2
2645,0,0,0,O,2,0,0,0,27,2
2646,0,0,0,O,2,0,0,0,27,2
2647,0,0,0,O,2,0,0,0,27,2
2648,0,0,0,O,2,0,0,0,27,2
2649,0,0,0,O,2,0,0,0,27,2
2650,0,0,0,O,2,0,0,0,27,2
2651,0,0,0,O,2,0,0,0,27,2
2652,0,0,2,O,2,0,0,2,27,2
2653,0,0,2,O,2,0,0,2,27,2
2654,0,0,2,O,2,0,0,2,27,2
2655,0,0,2,O,2,0,0,2,27,2
2656,0,0,2,O,2,0,0,2,27,2
2657,0,0,2,O,2,0,0,2,27,2
2658,0,0,2,Exit,2,0,0,2,27,2
2659,0,0,2,Exit,2,0,0,2,27,2
2660,0,0,2,Exit,2,0,0,2,27,2
2661,0,0,2,Exit,2,0,0,2,27,2
2662,0,0,2,Exit,2,0,0,2,27,2
2663,0,0,2,Exit,2,0,0,2,27,2
2664,0,0,2,Exit,2,0,0,2,27,2
2665,0,0,2,Exit,2,0,0,2,27,2
2666,0,0,2,Exit,2,0,0,2,27,2
2667,0,0,2,Exit,2,0,0,2,27,2
2668,0,0,2,Exit,2,0,0,2,27,2
2669,0,0,2,Exit,2,0,0,2,27,2
2670,0,0,2,Exit,2,0,0,2,27,2
2671,0,0,2,Exit,2,0,0,2,27,10
2672,0,0,2,Exit,2,0,0,2,27,10
2673,0,0,2,Exit,2,0,0,2,27,10
2674,0,0,2,Exit,2,0,0,2,27,10
2675,0,0,2,Exit,2,0,0,2,27,10
2676,0,0,2,Exit,2,0,0,2,27,10
2677,0,0,2,Exit,2,0,0,2,27,2
2678,0,0,2,Exit,2,0,0,2,27,2
2679,0,0,2,Exit,2,0,0,2,27,2
2680,0,0,2,Exit,2,0,0,2,27,2
2681,0,0,2,Exit,2,0,0,2,27,2
2682,0,0,2,Exit,2,0,0,2,27,2
2683,0,0,2,Exit,2,0,0,2,27,2
2684,0,0,2,Exit,2,0,0,2,27,2
2685,0,0,2,Exit,2,0,0,2,27,2
2686,0,0,2,Exit,2,0,0,2,27,2
2687,0,0,2,Exit,2,0,0,2,27,2
2688,0,0,2,Exit,2,0,0,2,27,2
2689,0,0,2,Exit,2,0,0,2,27,2
2690,0,0,2,Exit,2,0,0,2,27,2
2691,0,0,2,Exit,2,0,0,2,27,3
2692,0,0,2,Exit,2,0,0,2,27,3
2693,0,0,2,Exit,2,0,0,2,27,3
2694,0,0,1,Exit,2,0,0,1,27,2
2695,0,0,1,Exit,2,0,0,1,27,2
2696,0,0,1,Exit,2,0,0,1,27,2
2697,0,0,1,Exit,2,0,0,1,27,2
2698,0,0,1,Exit,2,0,0,1,27,2
2699,0,0,1,Exit,2,0,0,1,27,2
2700,0,0,1,Exit,2,0,0,1,27,2
2701,0,0,1,Exit,2,0,0,1,27,3
2702,0,0,1,Exit,2,0,0,1,27,2
2703,0,0,1,Exit,2,0,0,1,27,2
2704,0,0,1,Exit,2,0,0,1,27,2
2705,0,0,1,Exit,2,0,0,1,27,2
2706,0,0,1,Exit,2,0,0,1,27,2
2707,0,0,1,Exit,2,0,0,1,27,2
2708,0,0,1,Exit,2,0,0,1,27,2
2709,0,0,1,Exit,2,0,0,1,27,45
2710,0,0,1,Exit,2,0,0,1,27,7
2711,0,0,1,Exit,2,0,0,1,27,6
2712,0,0,1,Exit,2,0,0,1,27,6
2713,0,0,1,Exit,2,0,0,1,27,6
2714,0,0,1,Exit,2,0,0,1,27,6
2715,0,0,1,Exit,2,0,0,1,27,6
2716,0,0,1,Exit,2,0,0,1,27,2
2717,0,0,1,SIGKILL,2,0,0,1,27,2
2718,0,0,1,SIGKILL,2,0,0,1,27,2
2719,0,0,1,SIGKILL,2,0,0,1,27,2
2720,0,0,1,SIGKILL,2,0,0,1,27,2
2721,0,0,1,SIGKILL,2,0,0,1,27,2
2722,0,0,1,SIGKILL,2,0,0,1,27,2
2723,0,0,1,SIGKILL,2,0,0,1,27,2
2724,0,0,1,SIGKILL,2,0,0,1,27,2
2725,0,0,1,SIGKILL,2,0,0,1,27,2
2726,0,0,1,SIGKILL,2,0,0,1,27,2
2727,0,0,1,SIGKILL,2,0,0,1,27,47
2728,0,0,1,SIGKILL,2,0,0,1,27,35
2729,0,0,1,SIGKILL,2,0,0,1,27,35
2730,0,0,1,SIGKILL,2,0,0,1,27,35
2731,0,0,1,SIGKILL,2,0,0,1,27,22
2732,0,0,1,SIGKILL,2,0,0,1,27,12
2733,0,0,1,SIGKILL,2,0,0,1,27,2
2734,0,0,1,SIGKILL,2,0,0,1,27,2
2735,0,0,1,SIGKILL,2,0,0,1,27,2
2736,0,0,1,SIGKILL,2,0,0,1,27,2
2737,0,0,1,SIGKILL,2,0,0,1,27,2
2738,0,0,1,SIGKILL,2,0,0,1,27,2
2739,0,0,1,SIGKILL,2,0,0,1,27,2
2740,0,0,1,SIGKILL,2,0,0,1,27,2
2741,0,0,1,SIGKILL,2,0,0,1,27,2
2742,0,0,1,SIGKILL,2,0,0,1,27,2
2743,0,0,1,SIGKILL,2,0,0,1,27,2
2744,0,0,1,SIGKILL,2,0,0,1,27,2
2745,0,0,1,SIGKILL,2,0,0,1,27,2
2746,0,0,1,SIGKILL,2,0,0,1,27,45
2747,0,0,1,SIGKILL,2,0,0,1,27,45
2748,0,0,1,SIGKILL,2,0,0,1,27,35
2749,0,0,1,SIGKILL,2,0,0,1,27,30
2750,0,0,1,SIGKILL,2,0,0,1,27,25
2751,0,0,1,SIGKILL,2,0,0,1,27,10
2752,0,0,1,SIGKILL,2,0,0,1,27,2
2753,0,0,1,SIGKILL,2,0,0,1,27,2
2754,0,0,1,SIGKILL,2,0,0,1,27,2
2755,0,0,1,SIGKILL,2,0,0,1,27,2
2756,0,0,1,SIGKILL,2,0,0,1,27,2
2757,0,0,1,SIGKILL,2,0,0,1,27,2
2758,0,0,1,SIGKILL,2,0,0,1,27,2
2759,0,0,1,SIGKILL,2,0,0,1,27,2
2760,0,0,1,SIGKILL,2,0,0,1,27,2
2761,0,0,1,SIGKILL,2,0,0,1,27,2
2762,0,0,1,SIGKILL,2,0,0,1,27,2
2763,0,0,1,SIGKILL,2,0,0,1,27,2
2764,0,0,1,SIGKILL,2,0,0,1,27,2
2765,0,0,1,SIGKILL,2,0,0,1,27,2
2766,0,0,1,SIGKILL,2,0,0,1,27,2
2767,0,0,1,SIGKILL,2,0,0,1,27,2
2768,0,0,1,SIGKILL,2,0,0,1,27,2
2769,0,0,1,SIGKILL,2,0,0,1,27,2
2770,0,0,1,SIGKILL,2,0,0,1,27,2
2771,0,0,1,SIGKILL,2,0,0,1,27,2
2772,0,0,1,SIGKILL,2,0,0,1,27,2
2773,0,0,1,SIGKILL,2,0,0,1,27,2
2774,0,0,1,SIGKILL,2,0,0,1,27,2
2775,0,0,1,SIGKILL,2,0,0,1,27,2
2776,0,0,1,SIGKILL,2,0,0,1,27,2
2777,0,0,1,SIGKILL,2,0,0,1,27,2
2778,0,0,1,SIGKILL,2,0,0,1,27,2
2779,0,0,1,SIGKILL,2,0,0,1,27,2
2780,0,0,1,SIGKILL,2,0,0,1,27,40
2781,0,0,1,SIGKILL,2,0,0,1,27,36
2782,0,0,1,SIGKILL,2,0,0,1,27,20
2783,0,0,1,SIGKILL,2,0,0,1,27,44
2784,0,0,1,SIGKILL,2,0,0,1,27,30
2785,0,0,1,SIGKILL,2,0,0,1,27,32
2786,0,0,1,SIGKILL,2,0,0,1,27,27
2787,0,0,1,SIGKILL,2,0,0,1,27,18
2788,0,0,1,SIGKILL,2,0,0,1,27,20
2789,0,0,1,SIGKILL,2,0,0,1,27,23
2790,0,0,1,SIGKILL,2,0,0,1,27,27
2791,0,0,1,SIGKILL,2,0,0,1,27,18
2792,0,0,1,SIGKILL,2,0,0,1,27,19
2793,0,0,1,SIGKILL,2,0,0,1,27,20
2794,0,0,1,SIGKILL,2,0,0,1,27,21
2795,0,0,1,SIGKILL,2,0,0,1,27,22
2796,0,0,1,SIGKILL,2,0,0,1,27,23
2797,0,0,1,SIGKILL,2,0,0,1,27,24
2798,0,0,1,SIGKILL,2,0,0,1,27,25
2799,0,0,1,SIGKILL,2,0,0,1,27,26
2800,0,0,1,SIGKILL,2,0,0,1,27,27
2801,0,0,1,SIGKILL,2,0,0,1,27,28
2802,0,0,1,SIGKILL,2,0,0,1,27,18
2803,0,0,1,Exit,2,0,0,1,27,20
2804,0,0,1,Exit,2,0,0,1,27,14
2805,0,0,1,Exit,2,0,0,1,27,11
2806,0,0,1,Exit,2,0,0,1,27,12
2807,0,0,1,Exit,2,0,0,1,27,13
2808,0,0,1,Exit,2,0,0,1,27,14
2809,0,0,1,SIGWINCH,2,0,0,1,27,15
2810,0,0,1,SIGWINCH,2,0,0,1,27,16
2811,0,0,1,SIGWINCH,2,0,0,1,27,17
2812,0,0,1,SIGWINCH,2,0,0,1,27,18
2813,0,0,1,SIGWINCH,2,0,0,1,27,19
2814,0,0,1,SIGWINCH,2,0,0,1,27,20
2815,0,0,1,SIGWINCH,2,0,0,1,27,21
2816,0,0,1,SIGWINCH,2,0,0,1,27,22
2817,0,0,1,SIGWINCH,2,0,0,1,27,23
2818,0,0,1,SIGWINCH,2,0,0,1,27,24
2819,0,0,1,SIGWINCH,2,0,0,1,27,25
2820,0,0,1,SIGWINCH,2,0,0,1,27,26
2821,0,0,1,SIGWINCH,2,0,0,1,27,23
2822,0,0,1,SIGWINCH,2,0,0,1,27,24
2823,0,0,1,SIGWINCH,2,0,0,1,27,25
2824,0,0,1,SIGWINCH,2,0,0,1,27,26
2825,0,0,1,SIGWINCH,2,0,0,1,27,27
2826,0,0,1,SIGWINCH,2,0,0,1,27,28
2827,0,0,1,SIGWINCH,2,0,0,1,27,18
2828,0,0,1,SIGWINCH,2,0,0,1,27,20
2829,0,0,1,SIGWINCH,2,0,0,1,27,14
2830,0,0,1,SIGWINCH,2,0,0,1,27,11
2831,0,0,1,SIGWINCH,2,0,0,1,27,12
2832,0,0,1,SIGWINCH,2,0,0,1,27,13
2833,0,0,1,O,2,0,0,1,27,14
2834,0,0,1,O,2,0,0,1,27,15
2835,0,0,1,Exit,2,0,0,1,27,16
2836,0,0,1,Exit,2,0,0,1,27,17
2837,0,0,1,Exit,2,0,0,1,27,18
2838,0,0,1,Exit,2,0,0,1,27,19
2839,0,0,1,Exit,2,0,0,1,27,20
2840,0,0,1,Exit,2,0,0,1,27,21
2841,0,0,1,Exit,2,0,0,1,27,17
2842,0,0,1,Exit,2,0,0,1,27,14
2843,0,0,1,Exit,2,0,0,1,27,2
2844,0,0,1,Exit,2,0,0,1,27,3
2845,0,0,1,Exit,2,0,0,1,27,5
2846,0,0,1,Exit,2,0,0,1,27,4
2847,0,0,1,Exit,2,0,0,1,27,8
2848,0,0,1,Exit,2,0,0,1,27,9
2849,0,0,1,Exit,2,0,0,1,27,12
2850,0,0,1,Exit,2,0,0,1,27,18
2851,0,0,1,Exit,2,0,0,1,27,23
2852,0,0,1,Exit,2,0,0,1,27,24
2853,0,0,1,Exit,2,0,0,1,27,25
2854,0,0,1,Exit,2,0,0,1,27,26
2855,0,0,1,Exit,2,0,0,1,27,27
2856,0,0,1,Exit,2,0,0,1,27,28
2857,0,0,1,Exit,2,0,0,1,27,18
2858,0,0,1,Exit,2,0,0,1,27,20
2859,0,0,1,Exit,2,0,0,1,27,14
2860,0,0,1,Exit,2,0,0,1,27,11
2861,0,0,1,Exit,2,0,0,1,27,12
2862,0,0,1,Exit,2,0,0,1,27,13
2863,0,0,1,Exit,2,0,0,1,27,14
2864,0,0,1,Exit,2,0,0,1,27,15
2865,0,0,1,Exit,2,0,0,1,27,16
2866,0,0,1,Exit,2,0,0,1,27,17
2867,0,0,1,Exit,2,0,0,1,27,18
2868,0,0,1,Exit,2,0,0,1,27,19
2869,0,0,1,Exit,2,0,0,1,27,20
2870,0,0,1,Exit,2,0,0,1,27,21
2871,0,0,1,Exit,2,0,0,1,27,14
2872,0,0,1,Exit,2,0,0,1,27,15
2873,0,0,1,Exit,2,0,0,1,27,16
2874,0,0,1,Exit,2,0,0,1,27,17
2875,0,0,1,Exit,2,0,0,1,27,18
2876,0,0,1,Exit,2,0,0,1,27,19
2877,0,0,1,Exit,2,0,0,1,27,20
2878,0,0,1,Exit,2,0,0,1,27,21
2879,0,0,1,Exit,2,0,0,1,27,22
2880,0,0,1,Exit,2,0,0,1,27,23
2881,0,0,1,Exit,2,0,0,1,27,24
2882,0,0,1,Exit,2,0,0,1,27,25
2883,0,0,1,Exit,2,0,0,1,27,26
2884,0,0,1,Exit,2,0,0,1,27,27
2885,0,0,1,Exit,2,0,0,1,27,28
2886,0,0,1,Exit,2,0,0,1,27,2
2887,0,0,1,Exit,2,0,0,1,27,3
2888,0,0,1,Exit,2,0,0,1,27,2
2889,0,0,1,Exit,2,0,0,1,27,2
2890,0,0,1,Exit,2,0,0,1,27,2
2891,0,0,1,Exit,2,0,0,1,27,2
2892,0,0,1,Exit,2,0,0,1,27,2
2893,0,0,1,Exit,2,0,0,1,27,2
2894,0,0,1,SIGWINCH,2,0,0,1,27,2
2895,0,0,1,SIGWINCH,2,0,0,1,27,45
2896,0,0,1,SIGWINCH,2,0,0,1,27,7
2897,0,0,1,SIGWINCH,17,0,0,1,27,6
2898,0,0,1,SIGWINCH,18,0,0,1,27,6
2899,0,0,1,SIGWINCH,19,0,0,1,27,6
2900,0,0,2,SIGWINCH,20,0,0,2,27,6
2901,0,0,3,SIGWINCH,21,0,0,3,27,6
2902,0,0,2,SIGWINCH,22,0,0,2,27,2
2903,0,0,5,SIGWINCH,23,0,0,5,27,2
2904,5,5,4,SIGWINCH,24,5,5,4,27,2
2905,19,4,7,SIGWINCH,25,19,4,1,27,2
2906,2,2,1,SIGWINCH,26,2,2,1,27,2
2907,4,4,0,SIGWINCH,27,4,4,0,27,2
2908,3,3,2,SIGWINCH,28,3,3,2,27,2
2909,2,2,1,SIGWINCH,18,2,2,1,27,2
2910,10,8,3,SIGWINCH,19,10,8,3,27,2
2911,6,6,4,SIGWINCH,20,6,6,4,27,2
2912,9,9,6,SIGWINCH,21,9,9,6,27,2
2913,8,8,5,SIGWINCH,22,8,8,5,27,47
2914,7,7,4,SIGWINCH,23,7,7,4,27,35
2915,12,7,7,SIGWINCH,24,12,7,1,27,35
2916,3,3,1,SIGWINCH,25,3,3,1,27,35
2917,5,5,0,SIGWINCH,26,5,5,0,27,22
2918,19,19,2,O,27,19,6,2,27,12
2919,2,2,1,O,28,2,2,1,27,2
2920,4,4,3,O,21,4,4,3,27,2
2921,3,3,4,O,22,3,3,4,27,2
2922,2,2,6,O,23,2,2,3,27,2
2923,10,10,2,O,24,10,4,2,27,2
2924,2,2,1,O,25,2,2,1,27,2
2925,3,3,3,O,26,3,3,3,27,2
2926,2,2,4,O,27,2,2,4,27,2
2927,5,5,7,O,28,5,5,1,27,2
2928,4,4,8,O,18,4,4,2,27,2
2929,7,7,10,O,19,7,7,1,27,2
2930,1,1,1,O,20,1,1,1,27,2
2931,0,0,3,O,21,0,0,3,27,2
2932,2,2,2,O,22,2,2,2,27,45
2933,3,3,1,O,23,3,3,1,27,45
2934,2,2,1,O,24,2,2,1,27,35
2935,5,5,2,O,13,5,4,2,27,30
2936,4,4,3,O,14,4,4,3,27,25
2937,7,7,5,O,15,7,3,5,27,10
2938,1,1,4,O,16,1,1,4,27,2
2939,3,3,6,O,17,3,3,4,27,2
2940,2,2,1,O,18,2,1,1,27,2
2941,1,1,2,O,19,1,1,2,27,2
2942,1,1,1,O,20,1,1,1,22,2
2943,2,2,2,O,21,2,2,2,22,2
2944,3,3,3,O,22,3,3,3,22,2
2945,2,2,5,O,23,2,2,5,22,2
2946,5,5,3,O,24,5,5,3,22,2
2947,4,4,2,O,25,4,4,2,22,2
2948,7,7,2,O,26,7,7,2,22,2
2949,1,1,0,O,27,1,1,0,22,2
2950,1,1,0,O,28,1,1,0,22,2
2951,1,1,3,O,7,1,1,3,22,2
2952,2,2,4,O,7,2,1,4,22,2
