FD,time,apache 
3119,1,5
3119,2,5
3119,3,5
3101,4,6
3102,5,6
3101,6,6
3102,7,6
3101,8,6
3102,9,6
3102,10,6
3102,11,6
3102,12,6
3101,13,6
3116,14,6
3116,15,6
3116,16,6
3115,17,6
3115,18,6
3115,19,6
3115,20,6
3116,21,6
3116,22,6
3116,23,6
3116,24,6
3116,25,6
3116,26,6
3116,27,6
3116,28,6
3116,29,6
3116,30,6
3116,31,6
3116,32,6
3116,33,6
3116,34,6
3116,35,6
3116,36,6
3116,37,6
3116,38,6
3116,39,6
3116,40,6
3115,41,6
3115,42,6
3115,43,6
3116,44,6
3116,45,6
3116,46,6
3116,47,6
3116,48,6
3116,49,6
3115,50,6
3115,51,6
3115,52,6
3116,53,6
3116,54,6
3116,55,6
3116,56,6
3116,57,6
3115,58,6
3115,59,6
3115,60,6
3115,61,6
3115,62,6
3115,63,6
3115,64,6
3115,65,6
3115,66,6
3115,67,6
3115,68,6
3115,69,6
3115,70,6
3115,71,6
3145,72,6
3145,73,6
3145,74,6
3145,75,6
3145,76,6
3145,77,6
3115,78,6
3115,79,6
3116,80,6
3116,81,6
3116,82,6
3116,83,6
3116,84,6
3116,85,6
3116,86,6
3115,87,6
3116,88,6
3116,89,6
3115,90,6
3115,91,6
3115,92,6
3115,93,6
3115,94,6
3115,95,6
3112,96,6
3112,97,6
3112,98,6
3112,99,6
3112,100,6
3112,101,6
3112,102,6
3112,103,6
3112,104,6
3112,105,6
3112,106,6
3112,107,6
3112,108,6
3114,109,6
3112,110,6
3103,111,6
3103,112,6
3103,113,6
3106,114,6
3103,115,6
3103,116,6
3103,117,6
3103,118,6
3106,119,6
3103,120,6
3106,121,6
3103,122,6
3103,123,6
3103,124,6
3103,125,6
3091,126,6
3094,127,6
3091,128,6
3091,129,6
3091,130,6
3091,131,6
3094,132,6
3092,133,6
3092,134,6
3092,135,6
3091,136,6
3091,137,6
3092,138,6
3092,139,6
3092,140,6
3092,141,6
3094,142,6
3091,143,6
3091,144,6
3094,145,6
3091,146,6
3094,147,6
3094,148,6
3094,149,6
3091,150,6
3091,151,6
3091,152,6
3091,153,6
3091,154,6
3091,155,6
3091,156,6
3091,157,6
3088,158,6
3091,159,6
3091,160,6
3091,161,6
3088,162,6
3091,163,6
3091,164,6
3092,165,6
3091,166,6
3092,167,6
3089,168,6
3088,169,6
3091,170,6
3091,171,6
3091,172,6
3088,173,6
3091,174,6
3091,175,6
3091,176,6
3091,177,6
3091,178,6
3090,179,6
3089,180,6
3091,181,6
3089,182,6
3088,183,6
3091,184,6
3091,185,6
3091,186,6
3091,187,6
3091,188,6
3088,189,6
3091,190,6
3088,191,6
3091,192,6
3091,193,6
3091,194,6
3090,195,6
3088,196,6
3091,197,6
3091,198,6
3091,199,6
3091,200,6
3092,201,6
3093,202,6
3091,203,6
3094,204,6
3094,205,6
3093,206,6
3091,207,6
3093,208,6
3092,209,6
3093,210,6
3092,211,6
3093,212,6
3092,213,6
3093,214,6
3092,215,6
3093,216,6
3092,217,6
3093,218,6
3092,219,6
3093,220,6
3091,221,6
3094,222,6
3094,223,6
3091,224,6
3094,225,6
3093,226,6
3091,227,6
3094,228,6
3096,229,6
3095,230,6
3096,231,6
3095,232,6
3098,233,6
3097,234,6
3097,235,6
3094,236,6
3094,237,6
3097,238,6
3096,239,6
3092,240,6
3093,241,6
3092,242,6
3093,243,6
3092,244,6
3092,245,6
3091,246,6
3095,247,6
3092,248,6
3094,249,6
3092,250,6
3092,251,6
3092,252,6
3092,253,6
3093,254,6
3088,255,6
3091,256,6
3091,257,6
3091,258,6
3084,259,6
3083,260,6
3084,261,6
3083,262,6
3084,263,6
3083,264,6
3085,265,6
3086,266,6
3083,267,6
3084,268,6
3079,269,6
3082,270,6
3082,271,6
3082,272,6
3082,273,6
3080,274,6
3081,275,6
3082,276,6
3081,277,6
3080,278,6
3081,279,6
3080,280,6
3080,281,6
3080,282,6
3082,283,6
3081,284,6
3079,285,6
3082,286,6
3079,287,6
3079,288,6
3082,289,6
3082,290,6
3082,291,6
3082,292,6
3080,293,6
3079,294,6
3082,295,6
3082,296,6
3082,297,6
3081,298,6
3080,299,6
3081,300,6
3079,301,6
3082,302,6
3084,303,6
3079,304,6
3082,305,6
3079,306,6
3079,307,6
3082,308,6
3080,309,6
3081,310,6
3079,311,6
3082,312,6
3082,313,6
3081,314,6
3082,315,6
3081,316,6
3080,317,6
3081,318,6
3079,319,6
3082,320,6
3081,321,6
3080,322,6
3082,323,6
3082,324,6
3082,325,6
3082,326,6
3082,327,6
3082,328,6
3081,329,6
3079,330,6
3082,331,6
3082,332,6
3083,333,6
3081,334,6
3079,335,6
3081,336,6
3079,337,6
3079,338,6
3082,339,6
3082,340,6
3079,341,6
3082,342,6
3082,343,6
3082,344,6
3082,345,6
3082,346,6
3082,347,6
3080,348,6
3080,349,6
3080,350,6
3081,351,6
3079,352,6
3082,353,6
3082,354,6
3080,355,6
3080,356,6
3080,357,6
3079,358,6
3082,359,6
3082,360,6
3082,361,6
3082,362,6
3079,363,6
3079,364,6
3082,365,6
3083,366,6
3081,367,6
3080,368,6
3082,369,6
3080,370,6
3080,371,6
3079,372,6
3079,373,6
3082,374,6
3082,375,6
3082,376,6
3082,377,5
3082,378,5
3112,379,6
3116,380,6
3112,381,8
3112,382,8
3112,383,8
3112,384,8
3112,385,8
3112,386,8
3111,387,8
3110,388,8
3111,389,8
3110,390,8
3111,391,8
3110,392,8
3111,393,8
3110,394,8
3111,395,8
3109,396,8
3112,397,8
3112,398,8
3112,399,8
3112,400,8
3111,401,8
3111,402,8
3115,403,8
3113,404,8
3110,405,8
3110,406,8
3111,407,8
3110,408,8
3111,409,8
3110,410,8
3110,411,8
3110,412,8
3112,413,8
3109,414,8
3110,415,8
3113,416,8
3109,417,8
3112,418,8
3109,419,8
3112,420,8
3111,421,8
3113,422,8
3113,423,8
3110,424,8
3111,425,8
3110,426,8
3111,427,8
3113,428,8
3110,429,8
3111,430,8
3110,431,8
3112,432,8
3112,433,8
3109,434,8
3115,435,8
3113,436,8
3115,437,8
3117,438,8
3113,439,8
3114,440,8
3113,441,8
3114,442,8
3112,443,8
3115,444,8
3112,445,8
3114,446,8
3112,447,8
3112,448,8
3112,449,8
3113,450,8
3111,451,8
3110,452,8
3111,453,8
3110,454,8
3111,455,8
3110,456,8
3111,457,8
3110,458,8
3073,459,8
3072,460,8
3136,461,8
3134,462,8
3137,463,8
3134,464,8
3133,465,8
3138,466,8
3136,467,8
3136,468,8
3136,469,8
3134,470,8
3135,471,8
3133,472,8
3136,473,8
3136,474,8
3136,475,8
3136,476,8
3136,477,8
3144,478,8
3141,479,8
3141,480,8
3144,481,8
3143,482,8
3142,483,8
3143,484,8
3141,485,8
3144,486,8
3132,487,8
3132,488,8
3134,489,8
3132,490,8
3132,491,8
3132,492,8
3129,493,8
3126,494,8
3126,495,8
3125,496,8
3124,497,8
3125,498,8
3124,499,8
3126,500,8
3124,501,8
3124,502,8
3126,503,8
3127,504,8
3130,505,8
3138,506,8
3136,507,8
3139,508,8
3138,509,8
3134,510,8
3183,511,8
3181,512,8
3185,513,8
3187,514,8
3169,515,8
3169,516,8
3168,517,8
3171,518,8
3171,519,8
3173,520,8
3173,521,8
3170,522,8
3173,523,8
3171,524,8
3168,525,8
3171,526,8
3169,527,8
3172,528,8
3171,529,8
3169,530,8
3169,531,8
3170,532,8
3172,533,8
3174,534,8
3174,535,8
3171,536,8
3171,537,8
3134,538,8
3131,539,8
3131,540,8
3172,541,8
3172,542,8
3171,543,8
3171,544,8
3174,545,8
3172,546,8
3173,547,8
3169,548,8
3175,549,8
3172,550,8
3172,551,8
3171,552,8
3172,553,8
3170,554,8
3182,555,8
3182,556,8
3182,557,8
3182,558,8
3182,559,8
3179,560,8
3179,561,8
3180,562,8
3143,563,8
3131,564,8
3170,565,8
3172,566,8
3170,567,8
3169,568,8
3169,569,8
3170,570,8
3170,571,8
3172,572,8
3172,573,8
3170,574,8
3170,575,8
3173,576,8
3171,577,8
3175,578,8
3169,579,8
3172,580,8
3171,581,8
3170,582,8
3170,583,8
3169,584,8
3172,585,8
3171,586,8
3173,587,8
3172,588,8
3173,589,8
3170,590,8
3172,591,8
3173,592,8
3173,593,8
3131,594,8
3134,595,8
3134,596,8
3134,597,8
3133,598,8
3133,599,8
3133,600,8
3131,601,8
3133,602,8
3132,603,8
3134,604,8
3132,605,8
3133,606,5
3131,607,6
3134,608,8
3133,609,12
3134,610,12
3133,611,12
3132,612,12
3133,613,12
3132,614,12
3133,615,12
3131,616,12
3103,617,12
3102,618,12
3104,619,12
3102,620,12
3102,621,12
3102,622,12
3102,623,12
3137,624,12
3137,625,12
3102,626,12
3104,627,12
3103,628,12
3102,629,12
3104,630,12
3104,631,12
3104,632,12
3135,633,12
3131,634,12
3134,635,12
3134,636,12
3131,637,12
3130,638,12
3130,639,12
3130,640,12
3101,641,12
3100,642,12
3101,643,12
3100,644,12
3101,645,12
3104,646,12
3100,647,12
3135,648,12
3129,649,12
3132,650,12
3131,651,12
3130,652,12
3101,653,12
3103,654,12
3101,655,12
3099,656,12
3102,657,12
3100,658,12
3099,659,12
3100,660,12
3099,661,12
3101,662,12
3100,663,12
3100,664,12
3099,665,12
3103,666,12
3093,667,12
3093,668,12
3092,669,12
3095,670,12
3092,671,12
3095,672,12
3094,673,12
3092,674,12
3095,675,12
3093,676,12
3093,677,12
3128,678,12
3124,679,12
3123,680,12
3126,681,12
3123,682,12
3093,683,12
3094,684,12
3093,685,12
3094,686,12
3092,687,12
3093,688,12
3093,689,12
3094,690,12
3093,691,12
3096,692,12
3095,693,12
3095,694,12
3095,695,12
3093,696,12
3093,697,12
3098,698,12
3094,699,12
3095,700,12
3094,701,12
3093,702,12
3091,703,12
3089,704,12
3092,705,12
3092,706,12
3091,707,12
3090,708,12
3091,709,12
3089,710,12
3092,711,12
3091,712,12
3090,713,12
3091,714,12
3089,715,12
3091,716,12
3089,717,12
3092,718,12
3089,719,12
3092,720,12
3092,721,12
3089,722,12
3091,723,12
3090,724,12
3091,725,12
3090,726,12
3091,727,12
3089,728,12
3092,729,12
3092,730,12
3092,731,12
3092,732,12
3091,733,12
3095,734,12
3089,735,12
3092,736,12
3092,737,12
3089,738,12
3092,739,12
3092,740,12
3091,741,12
3091,742,12
3093,743,12
3091,744,12
3090,745,12
3091,746,12
3089,747,12
3092,748,12
3094,749,12
3089,750,12
3092,751,12
3092,752,12
3089,753,12
3092,754,12
3092,755,12
3089,756,12
3092,757,12
3089,758,12
3083,759,12
3083,760,12
3080,761,12
3083,762,12
3083,763,12
3080,764,12
3083,765,12
3083,766,12
3084,767,12
3083,768,12
3083,769,12
3083,770,12
3080,771,12
3083,772,12
3080,773,12
3083,774,12
3081,775,12
3080,776,12
3081,777,12
3079,778,12
3082,779,12
3080,780,12
3080,781,12
3082,782,12
3082,783,12
3081,784,12
3080,785,12
3082,786,12
3081,787,12
3079,788,12
3078,789,12
3076,790,12
3079,791,12
3077,792,12
3076,793,12
3079,794,12
3076,795,12
3079,796,12
3079,797,12
3079,798,12
3079,799,12
3080,800,12
3077,801,12
3078,802,12
3077,803,12
3078,804,12
3077,805,12
3078,806,12
3076,807,12
3077,808,12
3077,809,12
3078,810,12
3077,811,12
3078,812,12
3076,813,12
3079,814,12
3077,815,12
3077,816,12
3075,817,12
3080,818,12
3076,819,12
3073,820,12
3076,821,12
3076,822,12
3076,823,12
3076,824,12
3075,825,12
3074,826,12
3075,827,12
3073,828,12
3078,829,12
3074,830,12
3070,831,12
3070,832,12
3073,833,12
3073,834,12
3072,835,12
3077,836,12
3072,837,12
3070,838,12
3073,839,12
3070,840,12
3073,841,12
3073,842,12
3073,843,12
3073,844,12
3071,845,12
3074,846,12
3073,847,12
3070,848,12
3073,849,12
3070,850,12
3071,851,12
3070,852,12
3072,853,12
3071,854,12
3072,855,12
3070,856,12
3071,857,12
3070,858,12
3071,859,12
3072,860,12
3073,861,12
3073,862,12
3072,863,12
3071,864,12
3073,865,12
3073,866,12
3073,867,12
3073,868,12
3073,869,12
3072,870,12
3070,871,12
3071,872,12
3071,873,12
3073,874,12
3072,875,12
3070,876,12
3073,877,12
3072,878,12
3070,879,12
3071,880,12
3071,881,12
3070,882,12
3070,883,12
3073,884,12
3073,885,12
3072,886,12
3070,887,12
3071,888,12
3073,889,12
3073,890,12
3073,891,12
3073,892,12
3072,893,12
3071,894,12
3072,895,12
3070,896,12
3072,897,12
3071,898,12
3073,899,12
3073,900,12
3073,901,12
3072,902,12
3071,903,12
3072,904,12
3076,905,12
3075,906,12
3073,907,12
3075,908,12
3073,909,12
3075,910,12
3074,911,12
3076,912,11
3075,913,10
3074,914,10
3075,915,10
3073,916,5
3076,917,20
3074,918,20
3074,919,20
3075,920,20
3074,921,20
3075,922,20
3073,923,20
3075,924,20
3073,925,20
3076,926,20
3076,927,20
3075,928,20
3074,929,20
3076,930,20
3076,931,20
3076,932,20
3071,933,20
3070,934,20
3073,935,20
3072,936,20
3074,937,20
3072,938,20
3074,939,20
3072,940,20
3070,941,20
3073,942,20
3072,943,20
3071,944,20
3073,945,20
3073,946,20
3074,947,20
3072,948,20
3076,949,20
3073,950,20
3073,951,20
3072,952,20
3071,953,20
3071,954,20
3071,955,20
3073,956,20
3073,957,20
3072,958,20
3070,959,20
3070,960,20
3073,961,20
3073,962,20
3073,963,20
3072,964,20
3073,965,20
3071,966,20
3070,967,20
3073,968,20
3073,969,20
3070,970,20
3073,971,20
3073,972,20
3072,973,20
3070,974,20
3072,975,20
3070,976,20
3073,977,20
3073,978,20
3073,979,20
3073,980,20
3073,981,20
3073,982,20
3072,983,20
3070,984,20
3073,985,20
3073,986,20
3071,987,20
3073,988,20
3070,989,20
3073,990,20
3073,991,20
3073,992,20
3071,993,20
3071,994,20
3072,995,20
3070,996,20
3073,997,20
3073,998,20
3073,999,20
3073,1000,20
3073,1001,20
3073,1002,20
3073,1003,20
3073,1004,20
3073,1005,20
3072,1006,20
3072,1007,20
3071,1008,20
3071,1009,20
3071,1010,20
3104,1011,20
3101,1012,20
3103,1013,20
3071,1014,20
3073,1015,20
3104,1016,20
3103,1017,20
3102,1018,20
3101,1019,20
3103,1020,20
3103,1021,20
3103,1022,20
3103,1023,20
3081,1024,20
3080,1025,20
3080,1026,20
3081,1027,20
3080,1028,20
3082,1029,20
3132,1030,20
3133,1031,20
3132,1032,20
3133,1033,20
3131,1034,20
3103,1035,20
3102,1036,20
3104,1037,20
3102,1038,20
3102,1039,20
3102,1040,20
3102,1041,20
3137,1042,20
3137,1043,20
3102,1044,20
3104,1045,20
3103,1046,20
3102,1047,20
3104,1048,20
3104,1049,20
3104,1050,20
3135,1051,20
3131,1052,20
3134,1053,20
3134,1054,20
3131,1055,20
3130,1056,20
3130,1057,20
3130,1058,20
3101,1059,20
3100,1060,20
3101,1061,20
3100,1062,20
3101,1063,20
3104,1064,20
3100,1065,20
3135,1066,20
3129,1067,20
3132,1068,20
3131,1069,20
3130,1070,20
3101,1071,20
3103,1072,20
3101,1073,20
3099,1074,20
3102,1075,20
3100,1076,20
3099,1077,20
3100,1078,20
3099,1079,20
3101,1080,20
3100,1081,20
3100,1082,20
3099,1083,20
3103,1084,20
3093,1085,20
3093,1086,20
3092,1087,20
3095,1088,20
3092,1089,20
3095,1090,20
3094,1091,20
3092,1092,20
3095,1093,20
3093,1094,20
3093,1095,20
3128,1096,20
3124,1097,20
3123,1098,20
3126,1099,20
3123,1100,20
3093,1101,20
3094,1102,20
3093,1103,20
3094,1104,20
3092,1105,20
3093,1106,20
3093,1107,20
3094,1108,20
3093,1109,20
3096,1110,20
3095,1111,20
3095,1112,20
3095,1113,20
3093,1114,20
3093,1115,20
3098,1116,20
3094,1117,20
3095,1118,20
3094,1119,20
3093,1120,20
3091,1121,20
3089,1122,20
3092,1123,20
3092,1124,20
3091,1125,20
3090,1126,20
3091,1127,20
3089,1128,20
3092,1129,20
3091,1130,20
3090,1131,20
3091,1132,20
3089,1133,20
3091,1134,20
3089,1135,20
3092,1136,20
3089,1137,20
3092,1138,20
3092,1139,20
3089,1140,20
3091,1141,20
3090,1142,20
3091,1143,20
3090,1144,20
3091,1145,20
3089,1146,20
3092,1147,20
3092,1148,20
3092,1149,20
3092,1150,20
3091,1151,20
3095,1152,20
3089,1153,20
3092,1154,20
3092,1155,20
3089,1156,20
3092,1157,20
3092,1158,20
3091,1159,20
3091,1160,20
3093,1161,20
3091,1162,20
3090,1163,20
3091,1164,20
3089,1165,20
3092,1166,20
3094,1167,20
3089,1168,20
3092,1169,20
3092,1170,20
3089,1171,20
3092,1172,20
3092,1173,20
3089,1174,20
3092,1175,20
3089,1176,20
3083,1177,20
3083,1178,20
3080,1179,20
3083,1180,20
3083,1181,20
3080,1182,20
3083,1183,20
3083,1184,20
3084,1185,20
3083,1186,20
3083,1187,20
3083,1188,20
3080,1189,20
3083,1190,20
3080,1191,20
3083,1192,20
3081,1193,20
3080,1194,20
3081,1195,20
3079,1196,20
3082,1197,20
3080,1198,20
3080,1199,20
3082,1200,20
3082,1201,20
3081,1202,20
3080,1203,20
3082,1204,20
3081,1205,20
3079,1206,20
3078,1207,20
3076,1208,20
3079,1209,20
3077,1210,20
3076,1211,20
3079,1212,20
3076,1213,20
3079,1214,20
3079,1215,20
3079,1216,20
3079,1217,20
3080,1218,20
3077,1219,20
3078,1220,20
3077,1221,19
3078,1222,18
3077,1223,17
3078,1224,16
3076,1225,15
3077,1226,14
3077,1227,13
3078,1228,30
3077,1229,30
3078,1230,30
3076,1231,30
3079,1232,30
3077,1233,30
3077,1234,30
3075,1235,30
3080,1236,30
3076,1237,30
3073,1238,30
3076,1239,30
3076,1240,30
3076,1241,30
3076,1242,30
3075,1243,30
3074,1244,30
3075,1245,30
3073,1246,30
3078,1247,30
3074,1248,30
3070,1249,30
3070,1250,30
3073,1251,30
3073,1252,30
3072,1253,30
3077,1254,30
3072,1255,30
3070,1256,30
3073,1257,30
3070,1258,30
3073,1259,30
3073,1260,30
3073,1261,30
3073,1262,30
3071,1263,30
3074,1264,30
3073,1265,30
3070,1266,30
3073,1267,30
3070,1268,30
3071,1269,30
3070,1270,30
3072,1271,30
3071,1272,30
3072,1273,30
3070,1274,30
3071,1275,30
3070,1276,30
3071,1277,30
3072,1278,30
3073,1279,30
3073,1280,30
3072,1281,30
3071,1282,30
3073,1283,30
3073,1284,30
3073,1285,30
3073,1286,30
3073,1287,30
3072,1288,30
3070,1289,30
3071,1290,30
3071,1291,30
3073,1292,30
3072,1293,30
3070,1294,30
3073,1295,30
3072,1296,30
3070,1297,30
3071,1298,30
3071,1299,30
3070,1300,30
3070,1301,30
3073,1302,30
3073,1303,30
3072,1304,30
3070,1305,30
3071,1306,30
3073,1307,30
3073,1308,30
3073,1309,30
3073,1310,30
3072,1311,30
3071,1312,30
3072,1313,30
3070,1314,30
3072,1315,30
3071,1316,30
3073,1317,30
3073,1318,30
3073,1319,30
3072,1320,30
3071,1321,30
3072,1322,30
3076,1323,30
3075,1324,30
3073,1325,30
3075,1326,30
3073,1327,30
3075,1328,30
3074,1329,30
3076,1330,30
3075,1331,30
3074,1332,30
3075,1333,30
3073,1334,30
3076,1335,30
3074,1336,30
3074,1337,30
3075,1338,30
3074,1339,30
3075,1340,30
3073,1341,30
3075,1342,30
3073,1343,30
3076,1344,30
3076,1345,30
3075,1346,30
3074,1347,30
3076,1348,30
3076,1349,30
3076,1350,30
3071,1351,30
3070,1352,30
3073,1353,30
3072,1354,30
3074,1355,30
3072,1356,30
3074,1357,30
3072,1358,30
3070,1359,30
3073,1360,30
3072,1361,30
3071,1362,30
3073,1363,30
3073,1364,30
3074,1365,30
3072,1366,30
3076,1367,30
3073,1368,30
3073,1369,30
3072,1370,30
3071,1371,30
3071,1372,30
3071,1373,30
3073,1374,30
3073,1375,30
3072,1376,30
3070,1377,30
3070,1378,30
3073,1379,30
3073,1380,30
3073,1381,30
3072,1382,30
3073,1383,30
3071,1384,30
3070,1385,30
3073,1386,30
3073,1387,30
3070,1388,30
3073,1389,30
3073,1390,30
3072,1391,30
3070,1392,30
3072,1393,30
3070,1394,30
3073,1395,30
3073,1396,30
3073,1397,30
3073,1398,30
3073,1399,30
3073,1400,30
3072,1401,30
3070,1402,30
3073,1403,30
3073,1404,30
3071,1405,30
3073,1406,30
3070,1407,30
3073,1408,30
3073,1409,30
3073,1410,30
3071,1411,30
3071,1412,30
3072,1413,30
3070,1414,30
3073,1415,30
3073,1416,30
3073,1417,30
3073,1418,30
3073,1419,30
3073,1420,30
3073,1421,30
3073,1422,30
3073,1423,30
3072,1424,30
3072,1425,30
3071,1426,30
3071,1427,30
3071,1428,30
3104,1429,30
3101,1430,30
3103,1431,30
3071,1432,30
3073,1433,30
3104,1434,30
3103,1435,30
3102,1436,30
3101,1437,30
3103,1438,30
3103,1439,30
3103,1440,30
3103,1441,30
3081,1442,30
3080,1443,30
3080,1444,30
3081,1445,30
3080,1446,30
3082,1447,30
3099,1448,30
3100,1449,30
3099,1450,30
3101,1451,30
3100,1452,30
3100,1453,30
3099,1454,30
3103,1455,30
3093,1456,30
3093,1457,30
3092,1458,30
3095,1459,30
3092,1460,30
3095,1461,30
3094,1462,30
3092,1463,30
3095,1464,30
3093,1465,30
3093,1466,30
3128,1467,30
3124,1468,30
3123,1469,30
3126,1470,30
3123,1471,30
3093,1472,30
3094,1473,30
3093,1474,30
3094,1475,30
3092,1476,30
3093,1477,30
3093,1478,30
3094,1479,30
3093,1480,30
3096,1481,30
3095,1482,30
3095,1483,30
3095,1484,30
3093,1485,30
3093,1486,30
3098,1487,30
3094,1488,30
3095,1489,30
3094,1490,30
3093,1491,30
3091,1492,30
3089,1493,30
3092,1494,30
3092,1495,30
3091,1496,30
3090,1497,30
3091,1498,30
3089,1499,30
3092,1500,30
3091,1501,30
3090,1502,25
3091,1503,24
3089,1504,22
3091,1505,20
3089,1506,19
3092,1507,18
3089,1508,17
3092,1509,16
3092,1510,10
3089,1511,10
3091,1512,10
3090,1513,10
3091,1514,10
3090,1515,10
3091,1516,10
3089,1517,10
3092,1518,10
3092,1519,10
3092,1520,10
3092,1521,10
3091,1522,10
3095,1523,10
3089,1524,10
3092,1525,10
3092,1526,10
3089,1527,10
3092,1528,10
3092,1529,10
3091,1530,10
3091,1531,10
3093,1532,10
3091,1533,10
3090,1534,10
3091,1535,10
3089,1536,10
3092,1537,10
3094,1538,10
3089,1539,10
3092,1540,10
3092,1541,10
3089,1542,10
3092,1543,10
3092,1544,10
3089,1545,10
3092,1546,10
3089,1547,10
3083,1548,10
3083,1549,10
3080,1550,10
3083,1551,10
3083,1552,10
3080,1553,10
3083,1554,10
3083,1555,10
3084,1556,10
3083,1557,10
3083,1558,10
3083,1559,10
3080,1560,10
3083,1561,10
3080,1562,10
3083,1563,10
3081,1564,10
3080,1565,10
3081,1566,10
3079,1567,10
3082,1568,10
3080,1569,10
3080,1570,12
3082,1571,20
3082,1572,36
3081,1573,68
3080,1574,68
3082,1575,67
3081,1576,66
3079,1577,65
3078,1578,64
3076,1579,63
3079,1580,62
3077,1581,61
3076,1582,60
3079,1583,60
3076,1584,60
3079,1585,60
3079,1586,60
3079,1587,60
3079,1588,60
3080,1589,60
3077,1590,60
3078,1591,60
3077,1592,60
3078,1593,60
3077,1594,60
3078,1595,60
3076,1596,60
3077,1597,60
3077,1598,60
3078,1599,60
3077,1600,60
3078,1601,60
3076,1602,60
3079,1603,60
3077,1604,60
3077,1605,60
3075,1606,60
3080,1607,60
3076,1608,60
3073,1609,60
3076,1610,60
3076,1611,60
3076,1612,60
3076,1613,60
3075,1614,60
3074,1615,60
3075,1616,60
3073,1617,60
3078,1618,60
3074,1619,60
3070,1620,60
3070,1621,60
3073,1622,60
3073,1623,60
3072,1624,60
3077,1625,60
3072,1626,60
3070,1627,60
3073,1628,60
3070,1629,60
3073,1630,60
3073,1631,60
3073,1632,60
3073,1633,60
3071,1634,60
3074,1635,60
3073,1636,60
3070,1637,60
3073,1638,60
3070,1639,60
3071,1640,60
3070,1641,60
3072,1642,60
3071,1643,60
3072,1644,60
3070,1645,60
3071,1646,60
3070,1647,60
3071,1648,60
3072,1649,60
3073,1650,60
3073,1651,60
3072,1652,60
3071,1653,60
3073,1654,60
3073,1655,60
3073,1656,60
3073,1657,60
3073,1658,60
3072,1659,60
3070,1660,60
3071,1661,60
3071,1662,60
3073,1663,60
3072,1664,60
3070,1665,60
3073,1666,60
3072,1667,60
3070,1668,60
3071,1669,60
3071,1670,60
3070,1671,60
3070,1672,60
3073,1673,60
3073,1674,60
3072,1675,60
3070,1676,60
3071,1677,60
3073,1678,60
3073,1679,60
3073,1680,60
3073,1681,60
3072,1682,60
3071,1683,60
3072,1684,60
3070,1685,60
3072,1686,60
3071,1687,60
3073,1688,60
3073,1689,60
3073,1690,60
3072,1691,60
3071,1692,60
3072,1693,60
3076,1694,60
3075,1695,60
3073,1696,60
3075,1697,60
3073,1698,60
3075,1699,60
3074,1700,60
3076,1701,60
3075,1702,60
3074,1703,60
3075,1704,60
3073,1705,60
3076,1706,60
3074,1707,60
3074,1708,60
3075,1709,60
3074,1710,60
3075,1711,60
3073,1712,60
3075,1713,60
3073,1714,60
3076,1715,60
3076,1716,60
3075,1717,60
3074,1718,60
3076,1719,60
3076,1720,60
3076,1721,60
3071,1722,60
3070,1723,60
3073,1724,60
3072,1725,60
3074,1726,60
3072,1727,60
3074,1728,60
3072,1729,60
3070,1730,60
3073,1731,60
3072,1732,60
3071,1733,60
3073,1734,60
3073,1735,60
3074,1736,60
3072,1737,60
3076,1738,60
3073,1739,60
3073,1740,60
3072,1741,60
3071,1742,60
3071,1743,60
3071,1744,60
3073,1745,60
3073,1746,60
3072,1747,60
3070,1748,60
3070,1749,60
3073,1750,60
3073,1751,60
3073,1752,60
3072,1753,60
3073,1754,60
3071,1755,60
3070,1756,60
3073,1757,60
3073,1758,60
3070,1759,60
3073,1760,60
3073,1761,60
3072,1762,60
3070,1763,60
3072,1764,60
3070,1765,60
3073,1766,60
3073,1767,60
3073,1768,60
3073,1769,60
3073,1770,60
3082,1771,60
3082,1772,60
3082,1773,60
3080,1774,60
3080,1775,60
3080,1776,60
3081,1777,60
3079,1778,60
3082,1779,60
3082,1780,60
3080,1781,60
3080,1782,60
3080,1783,60
3079,1784,60
3082,1785,60
3082,1786,60
3082,1787,60
3082,1788,60
3079,1789,60
3079,1790,60
3082,1791,60
3083,1792,60
3081,1793,60
3080,1794,60
3082,1795,60
3080,1796,60
3080,1797,60
3079,1798,60
3079,1799,60
3082,1800,60
3082,1801,60
3082,1802,60
3082,1803,60
3082,1804,60
3112,1805,60
3116,1806,60
3112,1807,60
3112,1808,60
3112,1809,60
3112,1810,60
3112,1811,60
3112,1812,60
3111,1813,60
3110,1814,60
3112,1815,60
3112,1816,60
3112,1817,60
3112,1818,60
3112,1819,60
3112,1820,60
3112,1821,60
3112,1822,60
3112,1823,60
3112,1824,60
3114,1825,60
3112,1826,60
3103,1827,60
3103,1828,60
3103,1829,60
3106,1830,60
3103,1831,60
3103,1832,60
3103,1833,60
3103,1834,60
3106,1835,60
3103,1836,60
3106,1837,60
3103,1838,60
3103,1839,60
3103,1840,60
3103,1841,60
3091,1842,60
3094,1843,60
3091,1844,60
3091,1845,60
3091,1846,60
3091,1847,60
3094,1848,60
3092,1849,60
3092,1850,60
3092,1851,60
3091,1852,60
3091,1853,60
3092,1854,60
3092,1855,60
3092,1856,60
3092,1857,60
3094,1858,60
3091,1859,59
3091,1860,58
3094,1861,57
3091,1862,56
3094,1863,55
3094,1864,54
3094,1865,53
3091,1866,52
3091,1867,51
3091,1868,49
3091,1869,48
3091,1870,47
3091,1871,46
3091,1872,45
3091,1873,43
3088,1874,42
3091,1875,41
3091,1876,5
3091,1877,5
3088,1878,5
3091,1879,6
3091,1880,8
3092,1881,12
3091,1882,20
3092,1883,68
3089,1884,100
3088,1885,132
3091,1886,132
3091,1887,137
3091,1888,120
3088,1889,128
3091,1890,127
3091,1891,126
3091,1892,125
3091,1893,124
3091,1894,122
3090,1895,121
3089,1896,120
3091,1897,119
3089,1898,118
3088,1899,117
3091,1900,115
3091,1901,114
3091,1902,112
3091,1903,111
3091,1904,110
3088,1905,110
3091,1906,110
3088,1907,110
3091,1908,110
3091,1909,110
3091,1910,110
3090,1911,110
3088,1912,110
3091,1913,110
3091,1914,110
3091,1915,110
3091,1916,110
3092,1917,110
3093,1918,110
3091,1919,110
3094,1920,110
3094,1921,110
3093,1922,110
3091,1923,110
3093,1924,110
3092,1925,110
3093,1926,110
3092,1927,110
3093,1928,110
3092,1929,110
3093,1930,110
3092,1931,110
3093,1932,110
3092,1933,110
3093,1934,110
3092,1935,110
3093,1936,110
3091,1937,110
3094,1938,110
3094,1939,110
3091,1940,110
3094,1941,110
3093,1942,110
3091,1943,110
3094,1944,110
3096,1945,110
3095,1946,110
3096,1947,110
3095,1948,110
3098,1949,110
3097,1950,110
3097,1951,110
3094,1952,110
3094,1953,110
3097,1954,110
3096,1955,110
3092,1956,110
3093,1957,110
3092,1958,110
3093,1959,110
3092,1960,110
3092,1961,110
3091,1962,110
3095,1963,110
3092,1964,110
3094,1965,110
3092,1966,110
3092,1967,110
3092,1968,110
3092,1969,110
3093,1970,110
3088,1971,110
3091,1972,110
3091,1973,110
3091,1974,110
3084,1975,110
3083,1976,110
3084,1977,110
3083,1978,110
3084,1979,110
3083,1980,110
3085,1981,110
3086,1982,110
3083,1983,110
3084,1984,110
3079,1985,110
3082,1986,110
3082,1987,110
3082,1988,110
3082,1989,110
3080,1990,110
3081,1991,110
3082,1992,110
3081,1993,110
3080,1994,110
3081,1995,110
3080,1996,110
3080,1997,110
3080,1998,110
3082,1999,110
3081,2000,110
3079,2001,110
3082,2002,110
3079,2003,110
3079,2004,110
3082,2005,110
3082,2006,110
3082,2007,110
3082,2008,110
3080,2009,110
3079,2010,110
3082,2011,110
3082,2012,110
3082,2013,110
3081,2014,110
3080,2015,110
3081,2016,110
3079,2017,110
3082,2018,110
3084,2019,110
3079,2020,110
3082,2021,110
3079,2022,110
3079,2023,110
3082,2024,110
3080,2025,110
3081,2026,110
3079,2027,110
3082,2028,110
3082,2029,110
3081,2030,110
3082,2031,110
3081,2032,110
3080,2033,110
3081,2034,110
3079,2035,110
3082,2036,110
3081,2037,110
3080,2038,110
3082,2039,110
3082,2040,110
3082,2041,110
3082,2042,110
3082,2043,110
3082,2044,110
3081,2045,110
3079,2046,110
3082,2047,110
3082,2048,110
3083,2049,110
3081,2050,110
3079,2051,110
3081,2052,110
3079,2053,110
3079,2054,110
3082,2055,110
3082,2056,110
3079,2057,110
3082,2058,110
3082,2059,110
3082,2060,110
3082,2061,110
3082,2062,110
3082,2063,110
3080,2064,110
3080,2065,110
3080,2066,110
3081,2067,110
3079,2068,110
3082,2069,110
3082,2070,110
3080,2071,110
3080,2072,110
3080,2073,110
3079,2074,110
3082,2075,110
3082,2076,110
3082,2077,110
3082,2078,110
3079,2079,110
3079,2080,110
3082,2081,110
3083,2082,110
3081,2083,110
3080,2084,110
3082,2085,110
3080,2086,110
3080,2087,110
3079,2088,110
3079,2089,110
3082,2090,110
3082,2091,110
3082,2092,110
3082,2093,110
3082,2094,110
3112,2095,110
3116,2096,110
3112,2097,110
3112,2098,110
3112,2099,110
3112,2100,110
3112,2101,110
3112,2102,110
3111,2103,110
3110,2104,110
3111,2105,110
3110,2106,110
3111,2107,110
3110,2108,110
3111,2109,110
3110,2110,110
3111,2111,110
3109,2112,110
3112,2113,110
3112,2114,110
3112,2115,110
3112,2116,110
3111,2117,110
3111,2118,110
3115,2119,110
3113,2120,110
3110,2121,110
3110,2122,110
3111,2123,110
3110,2124,110
3111,2125,110
3110,2126,110
3110,2127,110
3110,2128,110
3112,2129,110
3109,2130,110
3110,2131,110
3113,2132,110
3109,2133,110
3112,2134,110
3109,2135,110
3112,2136,110
3111,2137,110
3113,2138,110
3113,2139,110
3110,2140,110
3111,2141,110
3110,2142,110
3111,2143,110
3113,2144,110
3110,2145,110
3111,2146,110
3110,2147,110
3112,2148,110
3112,2149,110
3109,2150,110
3115,2151,110
3113,2152,110
3115,2153,110
3117,2154,110
3113,2155,110
3114,2156,110
3113,2157,110
3114,2158,110
3112,2159,110
3115,2160,110
3112,2161,110
3114,2162,110
3112,2163,110
3112,2164,109
3112,2165,108
3113,2166,107
3111,2167,106
3110,2168,105
3111,2169,104
3110,2170,103
3111,2171,102
3110,2172,100
3111,2173,99
3110,2174,98
3073,2175,95
3072,2176,91
3136,2177,88
3134,2178,85
3137,2179,84
3134,2180,83
3133,2181,82
3138,2182,81
3136,2183,80
3136,2184,79
3136,2185,78
3134,2186,77
3135,2187,76
3133,2188,75
3136,2189,74
3136,2190,73
3136,2191,72
3136,2192,71
3136,2193,69
3144,2194,68
3141,2195,67
3141,2196,66
3144,2197,5
3143,2198,8
3142,2199,12
3143,2200,5
3141,2201,6
3144,2202,8
3132,2203,12
3132,2204,20
3134,2205,36
3132,2206,68
3132,2207,100
3132,2208,132
3129,2209,150
3126,2210,150
3126,2211,150
3125,2212,150
3124,2213,150
3125,2214,150
3124,2215,150
3126,2216,150
3124,2217,150
3124,2218,150
3126,2219,150
3127,2220,150
3130,2221,150
3138,2222,150
3136,2223,150
3139,2224,150
3138,2225,150
3134,2226,150
3183,2227,150
3181,2228,150
3185,2229,150
3187,2230,150
3169,2231,150
3169,2232,150
3168,2233,150
3171,2234,150
3171,2235,150
3173,2236,150
3173,2237,150
3170,2238,150
3173,2239,150
3171,2240,150
3168,2241,150
3171,2242,150
3169,2243,150
3172,2244,150
3171,2245,150
3169,2246,150
3169,2247,150
3170,2248,150
3172,2249,150
3174,2250,150
3174,2251,150
3171,2252,150
3171,2253,150
3134,2254,150
3131,2255,150
3131,2256,150
3172,2257,150
3172,2258,150
3171,2259,150
3171,2260,150
3174,2261,150
3172,2262,150
3173,2263,150
3169,2264,150
3175,2265,150
3172,2266,150
3172,2267,150
3171,2268,150
3172,2269,150
3170,2270,150
3182,2271,150
3182,2272,150
3182,2273,150
3182,2274,150
3182,2275,150
3179,2276,150
3179,2277,150
3180,2278,150
3143,2279,150
3131,2280,150
3170,2281,150
3172,2282,150
3170,2283,150
3169,2284,150
3169,2285,150
3170,2286,150
3170,2287,150
3172,2288,150
3172,2289,150
3170,2290,150
3170,2291,150
3173,2292,150
3171,2293,150
3175,2294,150
3169,2295,150
3172,2296,150
3171,2297,150
3170,2298,150
3170,2299,150
3169,2300,150
3172,2301,150
3171,2302,150
3173,2303,150
3172,2304,150
3173,2305,150
3170,2306,150
3172,2307,150
3173,2308,150
3173,2309,150
3131,2310,150
3134,2311,150
3134,2312,150
3134,2313,150
3133,2314,150
3133,2315,150
3133,2316,150
3131,2317,150
3133,2318,150
3132,2319,150
3134,2320,150
3132,2321,150
3133,2322,150
3131,2323,150
3134,2324,150
3133,2325,150
3134,2326,150
3133,2327,150
3132,2328,150
3133,2329,150
3132,2330,150
3133,2331,150
3131,2332,150
3103,2333,150
3102,2334,150
3104,2335,150
3102,2336,150
3102,2337,150
3102,2338,150
3102,2339,150
3137,2340,150
3137,2341,150
3102,2342,150
3104,2343,150
3103,2344,150
3102,2345,150
3104,2346,150
3104,2347,150
3104,2348,150
3135,2349,150
3131,2350,150
3134,2351,150
3134,2352,150
3131,2353,150
3130,2354,150
3130,2355,150
3130,2356,150
3101,2357,150
3100,2358,150
3101,2359,150
3100,2360,150
3101,2361,150
3104,2362,150
3100,2363,150
3135,2364,150
3129,2365,150
3132,2366,150
3131,2367,150
3130,2368,150
3101,2369,150
3103,2370,150
3101,2371,150
3099,2372,150
3102,2373,150
3100,2374,150
3099,2375,150
3100,2376,150
3099,2377,150
3101,2378,150
3100,2379,150
3100,2380,150
3099,2381,150
3103,2382,150
3093,2383,150
3093,2384,150
3092,2385,150
3095,2386,150
3092,2387,150
3095,2388,150
3094,2389,150
3092,2390,150
3095,2391,150
3093,2392,150
3093,2393,150
3128,2394,150
3124,2395,150
3123,2396,150
3126,2397,150
3123,2398,150
3093,2399,150
3094,2400,150
3093,2401,150
3094,2402,150
3092,2403,150
3093,2404,150
3093,2405,150
3094,2406,150
3093,2407,150
3096,2408,150
3095,2409,150
3095,2410,150
3095,2411,150
3093,2412,150
3093,2413,150
3098,2414,150
3094,2415,150
3095,2416,150
3094,2417,150
3093,2418,150
3091,2419,150
3089,2420,150
3092,2421,150
3092,2422,150
3091,2423,150
3090,2424,150
3091,2425,150
3089,2426,150
3092,2427,150
3091,2428,150
3090,2429,150
3091,2430,150
3089,2431,150
3091,2432,150
3089,2433,150
3092,2434,150
3089,2435,150
3092,2436,150
3092,2437,150
3089,2438,150
3091,2439,150
3090,2440,150
3091,2441,150
3090,2442,150
3091,2443,150
3089,2444,150
3092,2445,150
3092,2446,150
3092,2447,150
3092,2448,150
3091,2449,150
3095,2450,150
3089,2451,150
3092,2452,150
3092,2453,150
3089,2454,150
3092,2455,150
3092,2456,150
3091,2457,150
3091,2458,150
3093,2459,150
3091,2460,150
3090,2461,150
3091,2462,150
3089,2463,150
3092,2464,150
3094,2465,150
3089,2466,150
3092,2467,150
3092,2468,150
3089,2469,150
3092,2470,150
3092,2471,150
3089,2472,150
3092,2473,150
3089,2474,150
3083,2475,150
3083,2476,150
3080,2477,150
3083,2478,150
3083,2479,150
3080,2480,150
3083,2481,150
3083,2482,150
3084,2483,150
3083,2484,150
3083,2485,150
3083,2486,150
3080,2487,150
3083,2488,150
3080,2489,150
3083,2490,150
3081,2491,150
3080,2492,150
3081,2493,150
3079,2494,150
3082,2495,150
3080,2496,150
3080,2497,150
3082,2498,150
3082,2499,150
3081,2500,150
3080,2501,150
3082,2502,150
3081,2503,150
3079,2504,150
3078,2505,150
3076,2506,150
3079,2507,150
3077,2508,150
3076,2509,150
3079,2510,150
3076,2511,150
3079,2512,150
3079,2513,150
3079,2514,150
3079,2515,150
3119,2516,150
3119,2517,150
3119,2518,150
3101,2519,150
3102,2520,150
3101,2521,149
3102,2522,48
3101,2523,148
3102,2524,147
3102,2525,146
3102,2526,145
3102,2527,144
3101,2528,140
3116,2529,139
3116,2530,136
3116,2531,135
3115,2532,135
3115,2533,138
3115,2534,140
3115,2535,135
3116,2536,146
3116,2537,145
3116,2538,144
3116,2539,140
3116,2540,139
3116,2541,136
3116,2542,135
3116,2543,135
3116,2544,138
3116,2545,140
3116,2546,135
3116,2547,100
3116,2548,132
3116,2549,132
3116,2550,137
3116,2551,120
3116,2552,128
3116,2553,127
3116,2554,126
3116,2555,125
3115,2556,124
3115,2557,122
3115,2558,121
3116,2559,120
3116,2560,119
3116,2561,118
3116,2562,117
3116,2563,115
3116,2564,114
3115,2565,112
3115,2566,111
3115,2567,110
3116,2568,110
3116,2569,110
3116,2570,110
3116,2571,110
3116,2572,110
3115,2573,110
3115,2574,110
3115,2575,110
3115,2576,110
3115,2577,110
3115,2578,110
3115,2579,110
3115,2580,110
3115,2581,110
3115,2582,110
3115,2583,110
3115,2584,110
3115,2585,110
3115,2586,110
3145,2587,110
3145,2588,110
3145,2589,110
3145,2590,110
3145,2591,110
3145,2592,110
3115,2593,110
3115,2594,110
3116,2595,110
3116,2596,110
3116,2597,110
3116,2598,110
3116,2599,110
3116,2600,110
3116,2601,110
3115,2602,110
3116,2603,110
3116,2604,110
3115,2605,110
3115,2606,110
3115,2607,110
3115,2608,110
3115,2609,110
3115,2610,110
3112,2611,110
3112,2612,110
3112,2613,110
3112,2614,110
3112,2615,110
3112,2616,110
3112,2617,110
3112,2618,110
3112,2619,110
3112,2620,110
3112,2621,110
3112,2622,110
3112,2623,110
3114,2624,110
3112,2625,110
3103,2626,110
3103,2627,150
3103,2628,150
3106,2629,150
3103,2630,150
3103,2631,150
3103,2632,150
3103,2633,150
3106,2634,150
3103,2635,150
3106,2636,150
3103,2637,150
3103,2638,150
3103,2639,150
3103,2640,150
3091,2641,150
3094,2642,150
3091,2643,150
3091,2644,150
3091,2645,150
3091,2646,150
3094,2647,150
3092,2648,150
3092,2649,150
3092,2650,150
3091,2651,150
3091,2652,150
3092,2653,150
3092,2654,150
3092,2655,150
3092,2656,150
3094,2657,150
3091,2658,150
3091,2659,150
3094,2660,150
3091,2661,150
3094,2662,150
3094,2663,150
3094,2664,150
3091,2665,150
3091,2666,150
3091,2667,150
3091,2668,150
3091,2669,150
3091,2670,150
3091,2671,150
3091,2672,150
3088,2673,150
3091,2674,150
3091,2675,150
3091,2676,150
3088,2677,150
3091,2678,150
3091,2679,150
3092,2680,150
3091,2681,150
3092,2682,150
3089,2683,150
3088,2684,150
3091,2685,150
3091,2686,150
3091,2687,150
3088,2688,150
3091,2689,150
3091,2690,150
3091,2691,150
3091,2692,150
3091,2693,150
3090,2694,150
3089,2695,150
3091,2696,150
3089,2697,150
3088,2698,150
3091,2699,150
3091,2700,150
3091,2701,150
3091,2702,150
3091,2703,150
3088,2704,150
3091,2705,150
3088,2706,150
3091,2707,150
3091,2708,150
3091,2709,150
3090,2710,150
3088,2711,150
3091,2712,150
3091,2713,150
3091,2714,150
3091,2715,150
3092,2716,150
3093,2717,150
3091,2718,150
3094,2719,150
3094,2720,150
3093,2721,150
3091,2722,150
3093,2723,150
3092,2724,150
3093,2725,150
3092,2726,150
3093,2727,150
3092,2728,150
3093,2729,150
3092,2730,150
3093,2731,150
3092,2732,150
3093,2733,150
3092,2734,150
3093,2735,150
3091,2736,150
3094,2737,150
3094,2738,150
3091,2739,150
3094,2740,150
3093,2741,150
3091,2742,150
3094,2743,150
3096,2744,150
3095,2745,150
3096,2746,150
3095,2747,150
3098,2748,150
3097,2749,150
3097,2750,150
3094,2751,150
3094,2752,150
3097,2753,150
3096,2754,150
3092,2755,150
3093,2756,150
3092,2757,150
3093,2758,150
3092,2759,150
3092,2760,150
3091,2761,150
3095,2762,150
3092,2763,150
3094,2764,150
3092,2765,150
3092,2766,150
3092,2767,150
3092,2768,150
3093,2769,150
3088,2770,150
3091,2771,150
3091,2772,150
3091,2773,150
3084,2774,150
3083,2775,150
3084,2776,150
3083,2777,150
3084,2778,150
3083,2779,150
3085,2780,150
3086,2781,150
3083,2782,150
3084,2783,150
3079,2784,150
3082,2785,150
3082,2786,150
3082,2787,150
3082,2788,150
3080,2789,150
3081,2790,150
3082,2791,150
3081,2792,150
3080,2793,150
3081,2794,150
3080,2795,150
3080,2796,150
3080,2797,150
3082,2798,150
3081,2799,150
3079,2800,150
3082,2801,150
3079,2802,150
3079,2803,150
3082,2804,150
3082,2805,150
3082,2806,150
3082,2807,150
3080,2808,150
3079,2809,150
3082,2810,150
3082,2811,150
3082,2812,150
3081,2813,150
3080,2814,150
3172,2815,150
3171,2816,150
3169,2817,150
3169,2818,150
3170,2819,150
3172,2820,150
3174,2821,150
3174,2822,150
3171,2823,150
3171,2824,150
3134,2825,150
3131,2826,150
3131,2827,150
3172,2828,150
3172,2829,150
3171,2830,150
3171,2831,150
3174,2832,150
3172,2833,150
3173,2834,150
3169,2835,150
3175,2836,150
3172,2837,150
3172,2838,150
3171,2839,150
3172,2840,150
3170,2841,150
3182,2842,150
3182,2843,150
3182,2844,150
3182,2845,150
3182,2846,150
3179,2847,150
3179,2848,150
3180,2849,150
3143,2850,150
3131,2851,150
3170,2852,150
3172,2853,150
3170,2854,150
3169,2855,150
3169,2856,150
3170,2857,150
3170,2858,150
3172,2859,148
3172,2860,147
3170,2861,146
3170,2862,148
3173,2863,145
3171,2864,140
3175,2865,141
3169,2866,139
3172,2867,138
3171,2868,137
3170,2869,136
3170,2870,135
3169,2871,128
3172,2872,127
3171,2873,126
3173,2874,125
3172,2875,122
3173,2876,120
3170,2877,119
3172,2878,118
3173,2879,117
3173,2880,116
3131,2881,115
3134,2882,114
3134,2883,113
3134,2884,112
3133,2885,111
3133,2886,109
3133,2887,105
3131,2888,103
3133,2889,101
3132,2890,5
3134,2891,5
3132,2892,6
3133,2893,6
3131,2894,8
3134,2895,9
3133,2896,12
3134,2897,20
3133,2898,23
3132,2899,55
3133,2900,83
3132,2901,115
3133,2902,115
3131,2903,115
3103,2904,115
3102,2905,150
3104,2906,150
3102,2907,150
3102,2908,150
3102,2909,150
3102,2910,150
3137,2911,150
3137,2912,150
3102,2913,150
3104,2914,150
3103,2915,150
3102,2916,150
3104,2917,150
3104,2918,150
3104,2919,150
3135,2920,150
3131,2921,150
3134,2922,150
3134,2923,150
3131,2924,150
3130,2925,150
3130,2926,150
3130,2927,150
3101,2928,115
3100,2929,116
3101,2930,118
3100,2931,115
3101,2932,115
3104,2933,115
3100,2934,115
3135,2935,115
3129,2936,68
3132,2937,65
3131,2938,62
3130,2939,60
