connections,halfopen,Errors,time
893,129,O,1
893,130,O,2
893,131,O,3
892,132,O,4
892,133,O,5
892,134,O,6
892,135,O,7
892,136,O,8
892,137,O,9
892,138,O,10
892,139,O,11
892,140,O,12
892,141,O,13
892,111,O,14
892,112,O,15
892,113,O,16
892,114,O,17
892,115,O,18
892,116,O,19
892,117,O,20
892,118,O,21
892,119,O,22
892,120,O,23
891,121,O,24
891,122,O,25
891,123,O,26
891,124,O,27
891,125,O,28
891,126,O,29
891,127,O,30
891,128,O,31
891,129,O,32
891,130,O,33
891,131,O,34
891,132,O,35
891,133,O,36
891,134,O,37
891,135,O,38
891,135,O,39
891,135,O,40
891,135,O,41
891,135,O,42
891,135,O,43
891,135,O,44
891,135,O,45
891,135,O,46
891,135,O,47
891,135,O,48
891,135,O,49
891,135,O,50
891,135,O,51
891,135,O,52
891,135,O,53
891,135,O,54
891,135,O,55
891,135,O,56
891,135,O,57
891,135,O,58
891,135,O,59
891,135,O,60
891,135,O,61
891,135,O,62
891,135,O,63
891,135,O,64
891,135,O,65
891,135,O,66
891,135,O,67
891,135,O,68
891,135,O,69
891,135,O,70
891,135,O,71
891,135,O,72
891,135,O,73
891,135,O,74
891,135,O,75
891,135,O,76
891,135,O,77
891,135,O,78
891,135,O,79
891,135,O,80
891,135,O,81
891,135,O,82
891,135,O,83
891,135,O,84
891,135,O,85
891,135,O,86
891,135,O,87
891,135,O,88
891,135,O,89
891,135,O,90
891,135,O,91
891,135,O,92
891,135,O,93
891,135,O,94
891,135,O,95
891,135,O,96
891,135,O,97
891,135,O,98
891,135,O,99
891,135,O,100
891,135,O,101
891,135,O,102
891,135,O,103
891,135,O,104
891,135,O,105
891,135,O,106
891,135,O,107
891,135,O,108
891,135,O,109
891,135,O,110
891,135,O,111
891,135,O,112
891,135,O,113
891,135,O,114
891,135,O,115
891,135,O,116
891,135,O,117
891,135,O,118
891,135,O,119
891,135,O,120
891,135,O,121
891,135,O,122
891,135,O,123
891,135,O,124
891,135,O,125
891,135,O,126
891,135,O,127
891,135,O,128
891,135,O,129
891,135,O,130
891,135,O,131
891,135,O,132
891,135,O,133
891,135,O,134
891,135,O,135
891,135,O,136
891,135,O,137
891,135,O,138
891,135,O,139
891,135,O,140
891,135,O,141
891,135,O,142
891,135,O,143
891,135,O,144
891,135,O,145
890,135,O,146
890,135,O,147
890,135,O,148
890,135,O,149
890,135,O,150
890,135,O,151
890,135,O,152
890,135,O,153
890,135,O,154
890,135,O,155
890,135,O,156
890,130,O,157
890,135,O,158
890,135,O,159
890,135,O,160
890,135,O,161
890,135,O,162
890,135,O,163
890,135,O,164
890,135,O,165
890,135,O,166
890,135,O,167
890,135,O,168
890,135,O,169
890,135,O,170
890,135,O,171
890,135,O,172
890,135,O,173
890,135,O,174
890,135,O,175
890,135,O,176
890,135,O,177
890,135,O,178
890,135,O,179
890,135,O,180
890,135,O,181
890,135,O,182
890,135,O,183
890,135,O,184
890,135,O,185
890,135,O,186
890,135,O,187
890,135,O,188
890,135,O,189
890,135,O,190
890,135,O,191
890,135,O,192
890,135,O,193
890,135,O,194
890,135,O,195
890,135,O,196
890,135,O,197
890,135,O,198
890,135,O,199
890,135,O,200
890,135,O,201
890,135,O,202
890,135,O,203
890,135,O,204
890,135,O,205
890,135,O,206
890,135,O,207
890,135,O,208
890,135,O,209
890,135,O,210
890,135,O,211
890,135,O,212
890,135,O,213
890,135,O,214
890,135,O,215
890,135,O,216
890,135,O,217
890,135,O,218
890,135,O,219
890,135,O,220
890,135,O,221
890,135,O,222
890,135,O,223
890,135,O,224
890,135,O,225
890,135,O,226
890,135,O,227
890,135,O,228
890,135,O,229
890,135,O,230
890,135,O,231
890,135,O,232
890,135,O,233
890,135,O,234
890,135,O,235
890,135,O,236
890,135,O,237
890,135,O,238
890,135,O,239
890,135,O,240
890,135,O,241
890,135,O,242
890,135,O,243
890,135,O,244
890,135,O,245
890,135,O,246
890,135,O,247
890,135,O,248
890,135,O,249
890,135,O,250
890,135,O,251
890,135,O,252
890,135,O,253
890,135,O,254
890,135,O,255
890,135,O,256
890,135,O,257
890,135,O,258
890,135,O,259
890,135,O,260
890,135,O,261
890,135,O,262
890,135,O,263
890,135,O,264
890,135,O,265
890,135,O,266
890,135,O,267
890,135,O,268
890,135,O,269
890,135,O,270
890,135,O,271
890,135,O,272
890,135,O,273
890,135,O,274
890,135,O,275
890,135,O,276
890,135,O,277
890,135,O,278
890,135,O,279
890,135,O,280
890,135,O,281
890,135,O,282
890,135,O,283
890,135,O,284
890,135,O,285
890,135,O,286
890,135,O,287
890,135,O,288
890,135,O,289
890,135,O,290
880,120,O,291
880,120,O,292
880,120,O,293
880,120,O,294
880,120,O,295
880,120,O,296
880,120,O,297
880,120,O,298
880,120,O,299
880,120,O,300
880,120,O,301
880,120,O,302
880,120,O,303
880,120,O,304
880,120,O,305
880,120,O,306
880,120,O,307
880,120,O,308
880,120,O,309
880,120,O,310
880,120,O,311
880,120,O,312
880,120,O,313
880,120,O,314
880,120,O,315
880,120,O,316
880,120,O,317
880,120,O,318
880,120,O,319
880,120,O,320
880,120,O,321
880,120,O,322
880,120,O,323
880,120,O,324
880,120,O,325
880,120,O,326
880,120,O,327
880,120,O,328
880,120,O,329
880,120,O,330
880,120,O,331
880,120,O,332
880,120,O,333
880,120,O,334
880,120,O,335
880,120,O,336
880,120,O,337
880,120,O,338
880,120,O,339
880,120,O,340
880,120,O,341
880,120,O,342
880,120,O,343
880,120,O,344
880,120,O,345
880,120,O,346
880,120,O,347
880,120,O,348
880,120,O,349
880,120,O,350
880,120,O,351
880,120,O,352
880,120,O,353
880,120,O,354
880,120,O,355
880,120,O,356
880,120,O,357
880,120,O,358
880,120,O,359
880,120,O,360
880,120,O,361
880,120,O,362
880,120,O,363
880,120,O,364
880,120,O,365
880,120,O,366
880,120,O,367
880,120,O,368
880,120,O,369
880,120,O,370
880,120,O,371
880,120,O,372
880,120,O,373
880,120,O,374
880,120,O,375
880,120,O,376
880,120,O,377
880,120,O,378
880,120,O,379
880,120,O,380
880,120,O,381
880,120,O,382
880,120,O,383
880,120,O,384
880,120,O,385
880,120,O,386
880,120,O,387
880,120,O,388
880,120,O,389
880,120,O,390
880,120,O,391
880,120,O,392
880,120,O,393
880,120,O,394
880,120,O,395
880,120,O,396
880,120,O,397
880,120,O,398
880,120,O,399
880,120,O,400
880,120,O,401
880,120,O,402
880,120,O,403
880,120,O,404
880,120,O,405
880,120,O,406
880,120,O,407
880,120,O,408
880,120,O,409
880,120,O,410
880,120,O,411
880,120,O,412
880,120,O,413
880,120,O,414
880,120,O,415
880,120,O,416
880,120,O,417
880,120,O,418
880,120,O,419
880,120,O,420
880,120,O,421
880,120,O,422
880,120,O,423
880,120,O,424
880,120,O,425
880,120,O,426
880,120,O,427
880,120,O,428
880,120,O,429
880,120,O,430
880,120,O,431
880,120,O,432
880,120,O,433
880,120,O,434
880,120,O,435
880,120,O,436
880,120,O,437
880,120,O,438
880,120,O,439
880,120,O,440
880,120,O,441
880,120,O,442
880,120,O,443
880,120,O,444
880,120,O,445
880,120,O,446
880,120,O,447
880,120,O,448
880,120,O,449
880,120,O,450
880,120,O,451
880,120,O,452
880,120,O,453
880,120,O,454
880,120,O,455
880,120,O,456
880,120,O,457
880,120,O,458
880,120,O,459
880,120,O,460
880,120,O,461
880,120,O,462
880,120,O,463
880,120,O,464
880,120,O,465
880,120,O,466
880,120,O,467
880,120,O,468
880,120,O,469
880,120,O,470
880,120,O,471
880,120,O,472
880,120,O,473
880,120,O,474
880,120,O,475
880,120,O,476
880,120,O,477
880,120,O,478
880,120,O,479
880,120,O,480
880,120,O,481
880,120,O,482
880,120,O,483
880,120,O,484
880,120,O,485
880,120,O,486
880,120,O,487
880,120,O,488
880,120,O,489
880,120,O,490
880,120,O,491
880,120,O,492
880,120,O,493
880,120,O,494
880,120,O,495
880,120,O,496
880,120,O,497
880,120,O,498
880,120,O,499
880,120,O,500
880,120,O,501
880,120,O,502
880,120,O,503
880,120,O,504
880,120,O,505
880,120,O,506
880,120,O,507
880,120,O,508
880,120,O,509
880,120,O,510
880,120,O,511
880,120,O,512
880,120,O,513
880,120,O,514
880,120,O,515
880,120,O,516
880,120,O,517
880,120,O,518
880,120,O,519
880,120,O,520
880,120,O,521
880,120,O,522
880,120,O,523
880,120,O,524
880,120,O,525
880,120,O,526
880,120,O,527
880,120,O,528
880,120,O,529
880,120,O,530
880,120,O,531
880,120,O,532
880,120,O,533
880,120,O,534
880,120,O,535
880,120,O,536
880,120,O,537
880,120,O,538
880,120,O,539
880,120,O,540
880,120,O,541
880,120,O,542
880,120,O,543
880,120,O,544
880,120,O,545
880,120,O,546
880,120,O,547
880,120,O,548
880,120,O,549
880,120,O,550
880,120,O,551
880,120,O,552
880,120,O,553
880,120,O,554
880,120,O,555
880,120,O,556
880,120,O,557
880,120,O,558
880,120,O,559
880,120,O,560
880,120,O,561
880,120,O,562
880,120,O,563
880,120,O,564
880,120,O,565
880,120,O,566
880,120,O,567
880,120,O,568
880,120,O,569
880,120,O,570
880,120,O,571
880,120,O,572
880,120,O,573
880,120,O,574
880,120,O,575
880,120,O,576
880,120,O,577
880,120,O,578
880,120,O,579
880,120,O,580
880,120,O,581
880,120,O,582
880,120,O,583
880,120,O,584
880,120,O,585
880,120,O,586
880,120,O,587
880,120,O,588
880,120,O,589
880,120,O,590
880,120,O,591
880,120,O,592
880,120,O,593
880,120,O,594
880,120,O,595
880,120,O,596
880,120,O,597
880,120,O,598
880,120,O,599
880,120,O,600
880,120,O,601
880,120,O,602
880,120,O,603
880,120,O,604
880,120,O,605
880,120,O,606
880,120,O,607
880,120,O,608
880,120,O,609
880,120,O,610
880,120,O,611
880,120,O,612
880,120,O,613
880,120,O,614
880,120,O,615
880,120,O,616
880,120,O,617
880,120,O,618
880,120,O,619
880,120,O,620
880,120,O,621
880,120,O,622
880,120,O,623
880,120,O,624
880,120,O,625
880,120,O,626
880,120,O,627
880,120,O,628
880,120,O,629
880,120,O,630
880,120,O,631
880,120,O,632
880,120,O,633
880,120,O,634
880,120,O,635
880,120,O,636
880,120,O,637
880,120,O,638
880,120,O,639
880,120,O,640
880,120,O,641
880,120,O,642
880,120,O,643
880,120,O,644
880,120,O,645
880,120,O,646
880,120,O,647
880,120,O,648
880,120,O,649
880,120,O,650
880,120,O,651
880,120,O,652
880,120,O,653
880,120,O,654
880,120,O,655
880,120,O,656
880,120,O,657
880,120,O,658
880,120,O,659
880,120,O,660
880,120,O,661
880,120,O,662
880,120,O,663
880,120,O,664
880,120,O,665
880,120,O,666
880,120,O,667
880,120,O,668
880,120,O,669
880,120,O,670
880,120,O,671
880,120,O,672
880,120,O,673
880,120,O,674
880,120,O,675
880,120,O,676
880,120,O,677
880,120,O,678
880,120,O,679
880,120,O,680
880,120,O,681
880,120,O,682
880,120,O,683
880,120,O,684
880,120,O,685
880,120,O,686
880,120,O,687
880,120,O,688
880,120,O,689
880,120,O,690
880,120,O,691
880,120,O,692
880,120,O,693
880,120,O,694
880,120,O,695
880,120,O,696
880,120,O,697
880,120,O,698
880,120,O,699
880,120,O,700
880,120,O,701
880,120,O,702
880,120,O,703
880,120,O,704
880,120,O,705
880,120,O,706
880,120,O,707
880,120,O,708
880,120,O,709
880,120,O,710
880,120,O,711
880,120,O,712
880,120,O,713
880,120,O,714
880,120,O,715
880,120,O,716
880,120,O,717
880,120,O,718
880,120,O,719
880,120,O,720
880,120,O,721
880,120,O,722
880,120,O,723
880,120,O,724
880,120,O,725
880,120,O,726
880,120,O,727
880,120,O,728
880,120,O,729
880,120,O,730
880,120,O,731
880,120,O,732
880,120,O,733
880,120,O,734
880,120,O,735
880,120,O,736
880,120,O,737
880,120,O,738
880,120,O,739
878,120,O,740
878,120,O,741
878,120,O,742
878,120,O,743
878,120,O,744
878,120,O,745
878,120,O,746
878,120,O,747
878,120,O,748
878,120,O,749
878,120,O,750
878,120,O,751
878,120,O,752
878,120,O,753
878,120,O,754
878,120,O,755
878,120,O,756
878,120,O,757
878,120,O,758
878,120,O,759
878,120,O,760
878,120,O,761
878,120,O,762
878,120,O,763
878,120,O,764
878,120,O,765
878,120,O,766
878,120,O,767
878,120,O,768
878,120,O,769
878,120,O,770
878,120,O,771
878,120,O,772
878,120,O,773
878,120,O,774
878,120,O,775
878,120,O,776
878,120,O,777
878,120,O,778
878,120,O,779
878,120,O,780
878,120,O,781
878,120,O,782
878,120,O,783
878,120,O,784
878,120,O,785
878,120,O,786
878,120,O,787
878,120,O,788
878,120,O,789
878,120,O,790
878,120,O,791
878,120,O,792
878,120,O,793
878,120,O,794
878,120,O,795
878,120,O,796
878,120,O,797
878,120,O,798
878,120,O,799
878,120,O,800
878,120,O,801
878,120,O,802
878,120,O,803
878,120,O,804
878,120,O,805
878,120,O,806
878,120,O,807
878,120,O,808
878,120,O,809
878,120,O,810
878,120,O,811
878,120,O,812
878,120,O,813
878,120,O,814
878,120,O,815
878,120,O,816
878,120,O,817
878,120,O,818
878,120,O,819
878,120,O,820
878,120,O,821
878,120,O,822
878,120,O,823
878,120,O,824
878,120,O,825
878,120,O,826
878,120,O,827
878,120,O,828
878,120,O,829
878,120,O,830
878,120,O,831
878,120,O,832
878,120,O,833
878,120,O,834
878,120,O,835
878,120,O,836
878,120,O,837
878,120,O,838
878,120,O,839
878,120,O,840
878,125,O,841
878,125,O,842
878,125,O,843
878,125,O,844
878,125,O,845
878,125,O,846
878,125,O,847
878,125,O,848
878,125,O,849
878,125,O,850
878,125,O,851
878,125,O,852
878,125,O,853
878,125,O,854
878,125,O,855
878,125,O,856
878,125,O,857
878,125,O,858
878,125,O,859
878,125,O,860
878,125,O,861
878,125,O,862
878,125,O,863
878,125,O,864
878,125,O,865
878,125,O,866
878,125,O,867
878,125,O,868
878,125,O,869
878,125,O,870
878,125,O,871
878,125,O,872
878,125,O,873
878,125,O,874
878,125,O,875
878,125,O,876
878,125,O,877
878,125,O,878
878,125,O,879
878,125,O,880
878,125,O,881
878,125,O,882
878,125,O,883
878,125,O,884
878,125,O,885
878,125,O,886
878,125,O,887
878,125,O,888
878,125,O,889
878,125,O,890
878,125,O,891
878,125,O,892
878,125,O,893
878,125,O,894
878,125,O,895
878,125,O,896
878,125,O,897
878,125,O,898
878,125,O,899
878,125,O,900
878,125,O,901
878,125,O,902
878,125,O,903
878,125,O,904
878,125,O,905
878,125,O,906
878,125,O,907
878,125,O,908
878,125,O,909
878,125,O,910
878,125,O,911
878,125,O,912
878,125,O,913
878,125,O,914
878,125,O,915
878,125,O,916
878,125,O,917
878,125,O,918
878,125,O,919
878,125,O,920
878,125,O,921
878,125,O,922
878,125,O,923
878,125,O,924
878,125,O,925
878,125,O,926
878,125,O,927
878,125,O,928
878,125,O,929
878,125,O,930
878,125,O,931
878,125,O,932
878,125,O,933
878,125,O,934
878,125,O,935
878,125,O,936
878,125,O,937
878,125,O,938
878,125,O,939
878,125,O,940
878,125,O,941
878,125,O,942
878,125,O,943
878,125,O,944
878,125,O,945
878,125,O,946
878,125,O,947
878,125,O,948
878,125,O,949
878,125,O,950
878,125,O,951
878,125,O,952
878,125,O,953
878,125,O,954
878,125,O,955
878,125,O,956
878,125,O,957
878,125,O,958
878,125,O,959
878,125,O,960
878,125,O,961
878,125,O,962
878,125,O,963
878,125,O,964
878,125,O,965
878,125,O,966
878,125,O,967
878,125,O,968
878,125,O,969
878,125,O,970
878,125,O,971
878,125,O,972
878,125,O,973
878,125,O,974
878,125,O,975
878,125,O,976
878,125,O,977
878,125,O,978
878,125,O,979
878,125,O,980
878,125,O,981
878,125,O,982
878,125,O,983
878,125,O,984
878,125,O,985
878,125,O,986
878,125,O,987
878,125,O,988
878,125,O,989
878,125,O,990
878,125,O,991
878,125,O,992
878,125,O,993
878,125,O,994
878,125,O,995
878,125,O,996
878,125,O,997
878,125,O,998
878,125,O,999
878,125,O,1000
878,125,O,1001
878,125,O,1002
878,125,O,1003
878,125,O,1004
878,125,O,1005
878,125,O,1006
878,125,O,1007
878,125,O,1008
878,125,O,1009
878,125,O,1010
878,125,O,1011
878,125,O,1012
878,125,O,1013
878,125,O,1014
878,125,O,1015
878,125,O,1016
878,125,O,1017
878,125,O,1018
878,125,O,1019
878,125,O,1020
878,125,O,1021
878,125,O,1022
878,125,O,1023
878,125,O,1024
878,125,O,1025
878,125,O,1026
878,125,O,1027
878,125,O,1028
878,125,O,1029
878,125,O,1030
878,125,O,1031
878,125,O,1032
878,125,O,1033
878,125,O,1034
878,125,O,1035
878,125,O,1036
878,125,O,1037
878,125,O,1038
878,125,O,1039
878,125,O,1040
878,125,O,1041
878,125,O,1042
878,125,O,1043
878,125,O,1044
878,125,O,1045
878,125,O,1046
878,125,O,1047
878,125,O,1048
878,125,O,1049
878,125,O,1050
878,125,O,1051
878,125,O,1052
878,125,O,1053
878,125,O,1054
878,125,O,1055
878,125,O,1056
878,125,O,1057
878,125,O,1058
878,125,O,1059
878,125,O,1060
878,125,O,1061
878,125,O,1062
878,125,O,1063
878,125,O,1064
878,125,O,1065
878,125,O,1066
878,125,O,1067
878,125,O,1068
878,125,O,1069
878,125,O,1070
878,125,O,1071
878,125,O,1072
878,125,O,1073
878,125,O,1074
878,125,O,1075
878,125,O,1076
878,125,O,1077
878,125,O,1078
878,125,O,1079
878,125,O,1080
878,125,O,1081
878,125,O,1082
878,125,O,1083
878,125,O,1084
878,125,O,1085
878,125,O,1086
878,125,O,1087
878,125,O,1088
878,125,O,1089
878,125,O,1090
878,125,O,1091
878,125,O,1092
878,125,O,1093
878,125,O,1094
878,125,O,1095
878,125,O,1096
878,125,O,1097
878,125,O,1098
878,125,O,1099
878,125,O,1100
878,125,O,1101
878,125,O,1102
878,125,O,1103
878,125,O,1104
878,125,O,1105
878,125,O,1106
878,125,O,1107
878,125,O,1108
878,125,O,1109
878,125,O,1110
878,125,O,1111
878,125,O,1112
878,125,O,1113
878,125,O,1114
878,125,O,1115
878,125,O,1116
878,125,O,1117
878,125,O,1118
878,125,O,1119
878,125,O,1120
878,125,O,1121
878,125,O,1122
878,125,O,1123
878,125,O,1124
878,125,O,1125
878,125,O,1126
878,125,O,1127
878,125,O,1128
878,125,O,1129
878,125,O,1130
878,125,O,1131
878,125,O,1132
878,125,O,1133
878,125,O,1134
878,125,O,1135
878,125,O,1136
878,125,O,1137
878,125,O,1138
878,125,O,1139
878,125,O,1140
878,125,O,1141
878,125,O,1142
878,125,O,1143
878,125,O,1144
878,125,O,1145
878,125,O,1146
878,125,O,1147
878,125,O,1148
878,125,O,1149
878,125,O,1150
878,125,O,1151
878,125,O,1152
878,125,O,1153
878,125,O,1154
878,125,O,1155
878,125,O,1156
878,125,O,1157
878,125,O,1158
878,125,O,1159
878,125,O,1160
878,125,O,1161
878,125,O,1162
878,125,O,1163
878,125,O,1164
878,125,O,1165
878,125,O,1166
878,125,O,1167
878,125,O,1168
878,125,O,1169
878,125,O,1170
878,125,O,1171
878,125,O,1172
878,125,O,1173
878,125,O,1174
878,125,O,1175
878,125,O,1176
878,125,O,1177
878,125,O,1178
878,125,O,1179
878,125,O,1180
878,125,O,1181
878,125,O,1182
878,125,O,1183
878,125,SIGWINCH,1184
878,125,SIGWINCH,1185
878,125,SIGWINCH,1186
878,125,SIGWINCH,1187
878,125,SIGWINCH,1188
878,125,SIGWINCH,1189
878,125,SIGWINCH,1190
878,125,SIGWINCH,1191
878,125,SIGWINCH,1192
878,125,SIGWINCH,1193
878,125,SIGWINCH,1194
878,125,SIGWINCH,1195
878,125,SIGWINCH,1196
878,125,SIGWINCH,1197
878,125,SIGWINCH,1198
878,125,SIGWINCH,1199
878,125,SIGWINCH,1200
878,125,O,1201
878,125,O,1202
878,125,O,1203
878,125,O,1204
878,125,O,1205
878,125,O,1206
878,125,O,1207
878,125,O,1208
878,125,O,1209
878,125,O,1210
878,125,O,1211
878,125,O,1212
878,125,O,1213
878,125,O,1214
878,125,O,1215
878,125,O,1216
878,125,O,1217
878,125,O,1218
878,125,O,1219
878,125,O,1220
878,125,O,1221
878,125,O,1222
878,125,O,1223
878,125,O,1224
878,125,O,1225
878,125,O,1226
878,125,O,1227
878,125,O,1228
878,125,O,1229
878,125,O,1230
878,125,O,1231
878,125,O,1232
878,125,O,1233
878,125,O,1234
878,125,O,1235
878,125,O,1236
878,125,O,1237
878,125,O,1238
878,125,O,1239
878,125,O,1240
878,125,O,1241
878,125,O,1242
878,125,O,1243
878,125,O,1244
878,125,O,1245
878,125,O,1246
878,125,O,1247
878,125,O,1248
878,125,O,1249
878,125,O,1250
878,125,O,1251
878,125,O,1252
878,125,O,1253
878,125,O,1254
878,125,O,1255
878,125,O,1256
878,125,O,1257
878,125,O,1258
878,125,O,1259
878,125,O,1260
878,125,O,1261
878,125,O,1262
878,125,O,1263
878,125,O,1264
878,125,O,1265
878,125,O,1266
878,125,O,1267
878,125,O,1268
878,125,O,1269
878,125,O,1270
878,125,O,1271
878,125,O,1272
878,125,O,1273
878,125,O,1274
878,125,O,1275
878,125,O,1276
878,125,O,1277
878,125,O,1278
878,125,O,1279
878,125,O,1280
878,125,O,1281
878,125,O,1282
878,125,O,1283
878,125,O,1284
878,125,O,1285
878,125,O,1286
878,125,O,1287
878,125,O,1288
878,125,O,1289
878,125,O,1290
878,125,O,1291
878,125,O,1292
878,125,O,1293
878,125,O,1294
878,125,O,1295
878,125,O,1296
878,125,O,1297
878,125,O,1298
878,125,O,1299
878,125,O,1300
878,125,O,1301
878,125,O,1302
878,125,O,1303
878,125,O,1304
878,125,O,1305
878,125,O,1306
878,125,O,1307
878,128,O,1308
878,128,O,1309
878,128,O,1310
878,128,O,1311
878,128,O,1312
878,128,O,1313
878,128,O,1314
878,128,O,1315
878,128,O,1316
878,128,O,1317
878,128,O,1318
878,128,O,1319
878,128,O,1320
878,128,O,1321
878,128,O,1322
878,128,O,1323
878,128,O,1324
878,128,O,1325
878,128,O,1326
878,128,O,1327
878,128,O,1328
878,128,O,1329
878,128,O,1330
878,128,O,1331
878,128,O,1332
878,128,O,1333
878,128,O,1334
878,128,O,1335
878,128,O,1336
878,128,O,1337
878,128,O,1338
878,128,O,1339
878,128,O,1340
878,128,O,1341
878,128,O,1342
878,128,O,1343
878,128,O,1344
878,128,O,1345
878,128,O,1346
878,128,O,1347
878,128,O,1348
878,128,O,1349
878,128,O,1350
878,128,O,1351
878,128,O,1352
878,128,O,1353
878,128,O,1354
878,128,O,1355
878,128,O,1356
878,128,O,1357
878,128,O,1358
878,128,O,1359
878,128,O,1360
878,128,O,1361
878,128,O,1362
878,128,O,1363
878,128,O,1364
878,128,O,1365
878,128,O,1366
878,128,O,1367
878,128,O,1368
878,128,O,1369
878,128,O,1370
878,128,O,1371
878,128,O,1372
878,128,O,1373
878,128,O,1374
878,128,O,1375
878,128,O,1376
878,128,O,1377
878,128,O,1378
878,128,O,1379
878,128,O,1380
878,128,O,1381
878,128,O,1382
878,128,O,1383
878,128,O,1384
878,128,O,1385
878,128,O,1386
878,128,O,1387
878,128,O,1388
878,128,O,1389
878,128,O,1390
878,128,O,1391
878,128,O,1392
878,128,O,1393
878,128,O,1394
878,128,O,1395
878,128,O,1396
878,128,O,1397
878,128,O,1398
878,128,O,1399
878,128,O,1400
878,128,O,1401
878,128,O,1402
878,128,O,1403
878,128,O,1404
878,128,O,1405
878,128,O,1406
878,128,O,1407
878,128,O,1408
878,128,O,1409
878,128,O,1410
878,128,O,1411
878,128,O,1412
878,128,O,1413
878,128,O,1414
878,128,O,1415
878,128,O,1416
878,128,O,1417
878,128,O,1418
878,128,O,1419
878,128,O,1420
878,128,O,1421
878,128,O,1422
878,128,O,1423
878,128,O,1424
878,128,O,1425
878,128,O,1426
878,128,O,1427
878,128,O,1428
878,128,O,1429
878,128,O,1430
878,128,O,1431
878,128,O,1432
878,128,O,1433
878,128,O,1434
878,128,O,1435
878,128,O,1436
878,128,O,1437
878,128,O,1438
878,128,O,1439
878,128,O,1440
878,128,O,1441
878,128,O,1442
878,128,O,1443
878,128,O,1444
878,121,O,1445
878,121,O,1446
878,121,O,1447
878,121,O,1448
878,121,O,1449
878,121,O,1450
878,121,O,1451
878,121,O,1452
878,121,O,1453
878,121,O,1454
878,121,O,1455
878,121,O,1456
878,121,O,1457
878,121,O,1458
878,121,O,1459
878,121,O,1460
878,121,O,1461
878,121,O,1462
878,121,O,1463
878,121,O,1464
878,121,O,1465
878,121,O,1466
878,121,O,1467
878,121,O,1468
878,121,O,1469
878,121,O,1470
878,121,O,1471
878,121,O,1472
878,121,O,1473
878,121,O,1474
878,121,O,1475
878,121,O,1476
878,121,O,1477
878,121,O,1478
878,121,O,1479
878,121,O,1480
878,121,O,1481
878,121,O,1482
878,121,O,1483
878,121,O,1484
878,121,O,1485
878,121,O,1486
878,121,O,1487
878,121,O,1488
878,121,O,1489
878,121,O,1490
878,121,O,1491
878,121,O,1492
878,121,O,1493
878,121,O,1494
878,121,O,1495
878,121,O,1496
878,121,O,1497
878,121,O,1498
878,121,O,1499
878,121,O,1500
878,121,O,1501
878,121,O,1502
878,121,O,1503
878,121,O,1504
878,121,O,1505
878,121,O,1506
878,121,O,1507
878,121,O,1508
878,121,O,1509
878,121,O,1510
878,121,O,1511
878,121,O,1512
878,121,O,1513
878,121,O,1514
878,121,O,1515
878,121,O,1516
878,121,O,1517
878,121,O,1518
878,121,O,1519
878,121,O,1520
878,121,O,1521
878,121,O,1522
878,121,O,1523
878,121,O,1524
878,121,O,1525
878,121,O,1526
878,121,O,1527
878,121,O,1528
878,121,O,1529
878,121,O,1530
878,121,O,1531
878,121,O,1532
878,121,O,1533
878,121,O,1534
878,121,O,1535
878,121,O,1536
878,121,O,1537
878,121,O,1538
878,121,O,1539
878,121,O,1540
878,121,O,1541
878,121,O,1542
878,121,O,1543
878,121,O,1544
878,121,O,1545
878,121,O,1546
878,121,O,1547
878,121,O,1548
878,121,O,1549
878,121,O,1550
878,121,O,1551
878,121,O,1552
878,121,O,1553
878,121,O,1554
878,121,O,1555
878,121,O,1556
878,121,O,1557
878,121,O,1558
878,121,O,1559
878,121,O,1560
878,121,O,1561
878,121,O,1562
878,121,O,1563
878,121,O,1564
878,121,O,1565
878,121,O,1566
878,121,O,1567
878,121,O,1568
878,121,O,1569
878,121,O,1570
878,121,O,1571
878,121,O,1572
878,121,O,1573
878,121,O,1574
878,121,O,1575
878,121,O,1576
878,121,O,1577
878,121,O,1578
878,121,O,1579
878,121,O,1580
878,121,O,1581
878,121,O,1582
878,121,O,1583
878,121,O,1584
878,121,O,1585
878,121,O,1586
878,121,O,1587
878,121,O,1588
878,121,O,1589
878,121,O,1590
878,121,O,1591
878,121,O,1592
878,121,O,1593
878,121,O,1594
878,121,O,1595
878,121,O,1596
878,121,O,1597
878,121,O,1598
878,121,O,1599
878,121,O,1600
878,121,O,1601
878,121,O,1602
878,121,O,1603
878,121,O,1604
878,121,O,1605
878,121,O,1606
878,121,O,1607
878,121,O,1608
878,121,O,1609
878,121,O,1610
878,121,O,1611
878,121,O,1612
878,121,O,1613
878,121,O,1614
878,121,O,1615
878,121,O,1616
878,121,O,1617
878,121,O,1618
878,121,O,1619
878,121,O,1620
878,121,O,1621
878,121,O,1622
878,121,O,1623
878,121,O,1624
878,121,O,1625
878,121,O,1626
878,121,O,1627
878,121,O,1628
878,121,O,1629
878,121,O,1630
878,121,O,1631
878,121,O,1632
878,121,O,1633
878,121,O,1634
878,121,O,1635
878,121,O,1636
878,121,O,1637
878,121,O,1638
878,121,O,1639
878,121,O,1640
878,121,O,1641
878,121,O,1642
878,121,O,1643
878,121,O,1644
878,121,O,1645
878,121,O,1646
878,121,O,1647
878,121,O,1648
878,121,O,1649
878,121,O,1650
878,121,O,1651
878,121,O,1652
878,121,O,1653
878,121,O,1654
878,121,O,1655
878,121,O,1656
878,121,O,1657
878,121,O,1658
878,121,O,1659
878,121,O,1660
878,121,O,1661
878,121,O,1662
878,121,O,1663
878,121,O,1664
878,121,O,1665
878,121,O,1666
878,121,O,1667
878,121,O,1668
878,121,O,1669
878,121,O,1670
878,121,O,1671
878,121,O,1672
878,121,O,1673
878,121,O,1674
878,121,O,1675
878,121,O,1676
878,121,O,1677
878,121,O,1678
878,121,O,1679
878,121,O,1680
878,121,O,1681
878,121,O,1682
878,121,O,1683
878,121,O,1684
878,121,O,1685
878,121,O,1686
878,121,O,1687
878,121,O,1688
878,121,O,1689
878,121,O,1690
878,121,O,1691
878,121,O,1692
878,121,O,1693
878,121,O,1694
878,121,O,1695
878,121,O,1696
878,121,O,1697
878,121,O,1698
878,121,O,1699
878,121,O,1700
878,121,O,1701
878,121,O,1702
878,121,O,1703
878,121,O,1704
878,121,O,1705
878,121,O,1706
878,121,O,1707
878,121,O,1708
878,121,O,1709
878,121,O,1710
878,121,O,1711
878,121,O,1712
878,121,O,1713
878,121,O,1714
878,121,O,1715
878,121,O,1716
878,121,O,1717
878,121,O,1718
878,121,O,1719
878,121,O,1720
878,121,O,1721
878,121,O,1722
878,121,O,1723
878,121,O,1724
878,121,O,1725
878,121,O,1726
878,121,O,1727
878,121,O,1728
878,121,O,1729
878,121,O,1730
878,121,O,1731
878,121,O,1732
878,121,O,1733
878,121,O,1734
878,121,O,1735
878,121,O,1736
878,121,O,1737
878,121,O,1738
878,121,O,1739
878,121,O,1740
878,121,O,1741
878,121,O,1742
878,121,O,1743
878,121,O,1744
878,121,O,1745
878,121,O,1746
878,121,O,1747
878,121,O,1748
878,121,O,1749
878,121,O,1750
878,121,O,1751
878,121,O,1752
878,121,O,1753
878,121,O,1754
878,121,O,1755
878,121,O,1756
878,121,O,1757
878,121,O,1758
878,121,O,1759
878,121,O,1760
878,121,O,1761
878,121,O,1762
878,121,O,1763
878,121,O,1764
878,121,O,1765
878,121,O,1766
878,121,O,1767
878,121,O,1768
878,121,O,1769
878,121,O,1770
878,121,O,1771
878,121,O,1772
878,121,O,1773
878,121,O,1774
878,121,O,1775
878,121,O,1776
878,121,O,1777
878,121,O,1778
880,121,O,1779
880,121,O,1780
880,121,O,1781
880,121,O,1782
880,121,O,1783
880,121,O,1784
880,121,O,1785
880,121,O,1786
880,121,O,1787
880,121,O,1788
880,121,O,1789
880,121,O,1790
880,121,O,1791
880,121,O,1792
880,121,O,1793
880,121,O,1794
880,121,O,1795
880,121,O,1796
880,121,O,1797
880,121,O,1798
880,121,O,1799
880,121,O,1800
880,121,O,1801
880,121,O,1802
880,121,O,1803
880,121,O,1804
880,121,O,1805
880,121,O,1806
880,121,O,1807
880,121,O,1808
880,121,O,1809
880,121,O,1810
880,121,O,1811
880,121,O,1812
880,121,O,1813
880,121,O,1814
880,121,O,1815
880,121,O,1816
880,121,O,1817
880,121,O,1818
880,121,O,1819
880,121,O,1820
880,121,O,1821
880,121,O,1822
880,121,O,1823
880,121,O,1824
880,121,O,1825
880,121,O,1826
880,121,O,1827
880,121,O,1828
880,130,O,1829
880,130,O,1830
880,130,O,1831
880,130,O,1832
880,130,O,1833
880,130,O,1834
880,130,O,1835
880,130,O,1836
880,130,O,1837
880,130,O,1838
880,130,O,1839
880,130,O,1840
880,130,O,1841
880,130,O,1842
880,130,O,1843
880,130,O,1844
880,130,O,1845
880,130,O,1846
880,130,O,1847
880,130,O,1848
880,130,O,1849
880,130,O,1850
880,130,O,1851
880,130,O,1852
880,130,O,1853
880,130,O,1854
880,130,O,1855
880,130,O,1856
880,130,O,1857
880,130,O,1858
880,130,O,1859
880,130,O,1860
880,130,O,1861
880,130,O,1862
880,130,O,1863
880,130,O,1864
880,130,O,1865
880,130,O,1866
880,130,O,1867
880,130,O,1868
880,130,O,1869
880,130,O,1870
880,130,O,1871
880,130,O,1872
880,130,O,1873
880,130,O,1874
880,130,O,1875
880,130,O,1876
880,130,O,1877
880,130,O,1878
880,130,O,1879
880,130,O,1880
880,130,O,1881
880,130,O,1882
880,130,O,1883
880,130,O,1884
880,130,O,1885
880,130,O,1886
880,130,O,1887
880,130,O,1888
880,130,O,1889
880,130,O,1890
880,130,O,1891
880,130,O,1892
880,130,O,1893
880,130,O,1894
880,130,O,1895
880,130,O,1896
880,130,O,1897
880,130,O,1898
880,130,O,1899
880,130,O,1900
880,130,O,1901
880,130,O,1902
880,130,O,1903
880,130,O,1904
880,130,O,1905
880,130,O,1906
880,130,O,1907
880,130,O,1908
880,130,O,1909
880,130,O,1910
880,130,O,1911
880,130,O,1912
880,130,O,1913
880,130,O,1914
880,130,O,1915
880,130,O,1916
880,130,O,1917
880,130,O,1918
880,130,O,1919
880,130,O,1920
880,130,O,1921
880,130,O,1922
880,130,O,1923
880,130,O,1924
880,130,O,1925
880,130,O,1926
880,130,O,1927
880,130,O,1928
880,130,O,1929
880,130,O,1930
880,130,O,1931
880,130,O,1932
880,130,O,1933
880,130,O,1934
880,130,O,1935
880,130,O,1936
880,130,O,1937
880,130,O,1938
880,130,O,1939
880,130,O,1940
880,130,O,1941
880,130,O,1942
880,130,O,1943
880,130,O,1944
880,130,O,1945
880,130,O,1946
880,130,O,1947
880,130,O,1948
880,130,O,1949
880,130,O,1950
880,130,O,1951
880,130,O,1952
880,130,O,1953
880,130,O,1954
880,130,O,1955
880,130,O,1956
880,130,O,1957
880,130,O,1958
880,130,O,1959
880,130,O,1960
880,130,O,1961
880,130,O,1962
880,130,O,1963
880,130,O,1964
880,130,O,1965
880,130,O,1966
880,130,O,1967
880,130,O,1968
880,130,O,1969
880,130,O,1970
880,130,O,1971
880,130,O,1972
880,130,O,1973
880,130,O,1974
880,130,O,1975
880,130,O,1976
880,130,O,1977
880,130,O,1978
880,130,O,1979
880,130,O,1980
880,130,O,1981
880,130,O,1982
880,130,O,1983
880,130,O,1984
880,130,O,1985
880,130,O,1986
880,130,O,1987
880,130,O,1988
880,130,O,1989
880,130,O,1990
880,130,O,1991
880,130,O,1992
880,130,O,1993
880,130,O,1994
880,130,O,1995
880,130,O,1996
880,130,O,1997
880,130,O,1998
880,130,O,1999
880,130,O,2000
880,130,O,2001
880,130,O,2002
880,130,O,2003
880,130,O,2004
880,130,O,2005
880,130,O,2006
880,130,O,2007
880,130,O,2008
880,130,O,2009
880,130,O,2010
880,130,O,2011
880,130,O,2012
880,130,O,2013
880,130,O,2014
880,130,O,2015
880,130,O,2016
880,130,O,2017
880,130,O,2018
880,130,O,2019
880,130,O,2020
880,130,O,2021
880,130,O,2022
880,130,O,2023
880,130,O,2024
880,130,O,2025
880,130,O,2026
880,130,O,2027
880,130,O,2028
880,130,O,2029
880,130,O,2030
880,130,O,2031
880,130,O,2032
880,130,O,2033
880,130,O,2034
880,130,O,2035
880,130,O,2036
880,130,O,2037
880,130,O,2038
880,130,O,2039
880,130,O,2040
880,130,O,2041
880,130,O,2042
880,130,O,2043
880,130,O,2044
880,130,O,2045
880,130,O,2046
880,130,O,2047
880,130,O,2048
880,130,O,2049
880,130,O,2050
880,130,O,2051
880,130,O,2052
880,130,O,2053
880,130,O,2054
880,130,O,2055
880,130,O,2056
880,130,O,2057
880,130,O,2058
880,130,O,2059
880,130,O,2060
880,130,O,2061
880,130,O,2062
880,130,O,2063
880,130,O,2064
880,130,O,2065
880,130,O,2066
880,130,O,2067
880,130,O,2068
880,130,O,2069
880,130,O,2070
880,130,O,2071
880,130,O,2072
880,130,O,2073
880,130,O,2074
880,130,O,2075
880,130,O,2076
880,130,O,2077
880,130,O,2078
880,130,O,2079
880,130,O,2080
880,130,O,2081
880,130,O,2082
880,130,O,2083
880,130,O,2084
880,130,O,2085
880,130,O,2086
880,130,O,2087
880,130,O,2088
880,130,O,2089
880,130,O,2090
880,130,O,2091
880,130,O,2092
880,130,O,2093
880,130,O,2094
880,130,O,2095
880,130,O,2096
880,130,O,2097
880,130,O,2098
880,130,O,2099
880,130,O,2100
880,130,O,2101
880,130,O,2102
880,130,O,2103
880,130,O,2104
880,130,O,2105
880,130,O,2106
880,130,O,2107
880,130,O,2108
880,130,O,2109
880,130,O,2110
880,130,O,2111
880,130,O,2112
880,130,O,2113
880,130,O,2114
880,130,O,2115
880,130,O,2116
880,130,O,2117
880,130,O,2118
880,130,O,2119
880,130,O,2120
880,130,O,2121
880,130,O,2122
880,130,O,2123
880,130,O,2124
880,130,O,2125
880,130,O,2126
880,130,O,2127
880,130,O,2128
880,130,O,2129
880,130,O,2130
880,130,O,2131
880,130,O,2132
880,130,O,2133
880,130,O,2134
880,130,O,2135
880,130,O,2136
880,130,O,2137
880,130,O,2138
880,130,O,2139
880,130,O,2140
880,130,O,2141
880,130,O,2142
880,130,O,2143
880,130,O,2144
880,130,O,2145
880,130,O,2146
880,130,O,2147
880,130,O,2148
880,130,O,2149
880,130,O,2150
880,130,O,2151
880,130,O,2152
880,130,O,2153
880,130,O,2154
880,130,O,2155
880,130,O,2156
880,130,O,2157
880,130,SIGWINCH,2158
880,130,SIGWINCH,2159
880,130,SIGWINCH,2160
880,130,SIGWINCH,2161
880,130,SIGWINCH,2162
880,130,SIGWINCH,2163
880,130,SIGWINCH,2164
880,130,SIGWINCH,2165
880,130,SIGWINCH,2166
880,130,SIGWINCH,2167
880,130,SIGWINCH,2168
880,130,SIGWINCH,2169
880,130,O,2170
880,130,O,2171
880,130,O,2172
880,130,O,2173
880,130,O,2174
880,130,O,2175
880,130,O,2176
880,130,O,2177
880,130,O,2178
880,130,O,2179
880,130,O,2180
880,130,O,2181
880,130,O,2182
880,130,O,2183
880,130,O,2184
880,130,SIGTERM,2185
880,130,SIGTERM,2186
880,130,SIGTERM,2187
880,130,SIGTERM,2188
880,130,SIGTERM,2189
880,130,SIGTERM,2190
880,130,SIGTERM,2191
880,130,SIGTERM,2192
880,130,SIGTERM,2193
880,130,SIGTERM,2194
880,130,SIGTERM,2195
880,130,SIGTERM,2196
880,130,SIGTERM,2197
880,130,SIGTERM,2198
880,130,SIGTERM,2199
880,130,O,2200
880,130,O,2201
880,130,O,2202
880,130,O,2203
880,130,O,2204
880,130,O,2205
880,130,O,2206
880,130,O,2207
880,130,O,2208
880,130,O,2209
880,130,O,2210
880,130,O,2211
880,130,O,2212
880,130,O,2213
880,130,O,2214
880,130,O,2215
880,130,O,2216
880,130,O,2217
880,130,O,2218
880,130,O,2219
880,130,O,2220
880,130,O,2221
880,130,O,2222
880,130,O,2223
880,130,O,2224
880,130,O,2225
880,130,O,2226
880,130,O,2227
880,130,O,2228
880,130,O,2229
880,130,O,2230
880,130,O,2231
880,130,O,2232
880,130,O,2233
880,130,O,2234
880,130,O,2235
880,130,O,2236
880,130,O,2237
880,130,O,2238
880,130,O,2239
880,130,O,2240
880,130,O,2241
880,130,O,2242
880,130,O,2243
880,130,O,2244
880,130,O,2245
880,130,O,2246
880,130,O,2247
880,130,O,2248
880,130,O,2249
880,130,O,2250
880,130,O,2251
880,130,O,2252
880,130,O,2253
880,130,O,2254
880,130,O,2255
880,130,O,2256
880,130,O,2257
880,130,O,2258
880,130,O,2259
880,130,O,2260
880,130,O,2261
880,130,O,2262
880,130,O,2263
880,130,O,2264
880,130,O,2265
880,130,O,2266
880,130,O,2267
880,130,O,2268
880,130,O,2269
880,130,O,2270
880,130,O,2271
880,130,O,2272
880,130,O,2273
880,130,O,2274
880,130,O,2275
880,130,O,2276
880,130,O,2277
880,130,O,2278
880,130,O,2279
880,130,O,2280
880,130,O,2281
880,130,O,2282
880,130,O,2283
880,130,O,2284
880,130,O,2285
880,130,O,2286
880,130,O,2287
880,130,O,2288
880,130,O,2289
880,130,O,2290
880,130,O,2291
880,130,O,2292
880,130,O,2293
880,130,O,2294
880,130,O,2295
880,130,O,2296
880,130,O,2297
880,130,O,2298
880,130,O,2299
880,130,O,2300
880,130,O,2301
880,130,O,2302
880,130,O,2303
880,130,O,2304
880,130,O,2305
880,130,O,2306
880,130,O,2307
880,130,O,2308
880,130,O,2309
880,130,O,2310
880,130,O,2311
880,130,O,2312
880,130,O,2313
880,130,O,2314
880,130,O,2315
880,130,O,2316
880,130,O,2317
880,130,O,2318
880,130,O,2319
880,130,SIGWINCH,2320
880,130,SIGWINCH,2321
880,130,SIGWINCH,2322
880,130,SIGWINCH,2323
880,130,SIGWINCH,2324
880,130,SIGWINCH,2325
880,130,SIGWINCH,2326
880,130,SIGWINCH,2327
880,130,SIGWINCH,2328
880,130,SIGWINCH,2329
880,130,SIGWINCH,2330
880,130,SIGWINCH,2331
880,130,SIGWINCH,2332
880,130,SIGWINCH,2333
880,130,SIGWINCH,2334
880,130,O,2335
880,130,O,2336
880,130,O,2337
880,130,O,2338
880,130,O,2339
880,130,O,2340
880,130,O,2341
880,130,O,2342
880,130,O,2343
880,130,O,2344
880,130,O,2345
880,130,O,2346
880,130,O,2347
880,130,SIGTERM,2348
880,130,SIGTERM,2349
880,130,SIGWINCH,2350
880,130,SIGWINCH,2351
880,130,SIGWINCH,2352
880,130,SIGWINCH,2353
880,130,SIGWINCH,2354
880,130,SIGWINCH,2355
880,130,SIGWINCH,2356
880,130,SIGWINCH,2357
880,130,SIGWINCH,2358
880,130,SIGWINCH,2359
880,130,SIGWINCH,2360
880,130,SIGWINCH,2361
880,130,SIGWINCH,2362
880,130,SIGWINCH,2363
880,130,SIGWINCH,2364
880,130,SIGWINCH,2365
880,130,SIGWINCH,2366
880,130,SIGWINCH,2367
880,130,SIGWINCH,2368
880,130,SIGWINCH,2369
880,130,SIGWINCH,2370
880,130,SIGWINCH,2371
880,130,SIGWINCH,2372
880,130,SIGWINCH,2373
880,130,SIGWINCH,2374
880,130,SIGWINCH,2375
880,130,SIGWINCH,2376
880,130,SIGWINCH,2377
880,130,SIGWINCH,2378
880,130,SIGWINCH,2379
880,130,SIGWINCH,2380
880,130,SIGWINCH,2381
880,130,SIGWINCH,2382
880,130,SIGWINCH,2383
880,130,SIGWINCH,2384
880,130,SIGWINCH,2385
880,130,SIGWINCH,2386
880,130,SIGWINCH,2387
880,130,SIGWINCH,2388
880,130,SIGWINCH,2389
880,130,SIGWINCH,2390
880,130,O,2391
880,130,O,2392
880,130,O,2393
880,130,O,2394
880,130,O,2395
880,130,O,2396
880,130,O,2397
880,130,O,2398
880,130,O,2399
880,130,O,2400
880,130,O,2401
880,130,O,2402
880,130,O,2403
880,130,O,2404
880,130,O,2405
880,130,O,2406
880,130,O,2407
880,130,O,2408
880,130,O,2409
880,130,O,2410
880,130,O,2411
880,130,O,2412
880,130,O,2413
880,130,O,2414
880,130,O,2415
880,130,O,2416
880,130,O,2417
880,130,O,2418
880,130,O,2419
880,130,O,2420
880,130,O,2421
880,130,O,2422
880,130,O,2423
880,130,O,2424
880,130,O,2425
880,130,O,2426
880,130,O,2427
880,130,O,2428
880,130,O,2429
880,130,O,2430
880,130,O,2431
880,150,O,2432
880,150,O,2433
880,150,O,2434
880,150,O,2435
880,150,O,2436
880,150,O,2437
880,150,O,2438
880,150,O,2439
880,150,O,2440
880,150,O,2441
880,150,O,2442
880,150,O,2443
880,150,O,2444
880,150,O,2445
880,150,O,2446
880,150,O,2447
880,150,O,2448
880,150,O,2449
880,150,O,2450
880,150,O,2451
880,150,O,2452
880,150,O,2453
880,150,O,2454
880,150,O,2455
880,150,O,2456
880,150,O,2457
880,150,O,2458
880,150,O,2459
880,150,O,2460
880,150,O,2461
880,150,O,2462
880,150,O,2463
880,150,O,2464
880,150,O,2465
880,150,O,2466
880,150,O,2467
880,150,O,2468
880,150,O,2469
880,150,O,2470
880,150,O,2471
880,150,O,2472
880,150,O,2473
880,150,O,2474
880,150,O,2475
880,150,O,2476
880,150,O,2477
880,150,O,2478
880,150,O,2479
880,150,O,2480
880,150,O,2481
880,150,O,2482
880,150,O,2483
880,150,O,2484
880,150,O,2485
880,150,O,2486
880,150,O,2487
880,150,O,2488
880,150,O,2489
880,150,O,2490
880,150,O,2491
880,150,O,2492
880,150,O,2493
880,150,O,2494
880,150,O,2495
880,150,O,2496
880,150,O,2497
880,150,O,2498
880,150,O,2499
880,150,O,2500
880,150,O,2501
880,150,O,2502
880,150,O,2503
880,150,O,2504
880,150,O,2505
880,150,O,2506
880,150,O,2507
880,150,O,2508
880,150,O,2509
880,150,O,2510
880,150,O,2511
880,150,O,2512
880,150,O,2513
880,150,O,2514
880,150,O,2515
880,150,O,2516
880,150,O,2517
880,150,O,2518
880,150,O,2519
880,150,O,2520
880,150,O,2521
880,150,O,2522
880,150,O,2523
880,150,O,2524
880,150,O,2525
880,150,O,2526
880,150,O,2527
880,150,O,2528
880,150,O,2529
880,150,O,2530
880,150,O,2531
880,150,O,2532
880,150,O,2533
880,150,O,2534
880,150,O,2535
880,150,O,2536
880,150,O,2537
880,150,O,2538
880,150,O,2539
880,150,O,2540
880,150,O,2541
880,150,O,2542
880,150,O,2543
880,150,O,2544
880,150,O,2545
880,150,O,2546
880,150,O,2547
880,150,O,2548
880,150,O,2549
880,150,O,2550
880,150,O,2551
880,150,O,2552
880,150,O,2553
880,150,O,2554
880,150,O,2555
880,150,O,2556
880,150,O,2557
880,150,O,2558
880,150,O,2559
880,150,O,2560
880,150,O,2561
880,150,O,2562
880,150,O,2563
880,150,O,2564
880,150,O,2565
880,150,O,2566
880,150,O,2567
880,150,O,2568
880,150,O,2569
880,150,O,2570
880,150,O,2571
880,150,O,2572
880,150,O,2573
880,150,O,2574
880,150,O,2575
880,150,O,2576
880,150,O,2577
880,150,O,2578
880,150,O,2579
880,150,O,2580
880,150,O,2581
880,150,O,2582
880,150,O,2583
880,150,O,2584
880,150,O,2585
880,150,O,2586
880,150,O,2587
880,146,O,2588
880,146,O,2589
879,146,O,2590
879,146,O,2591
879,146,O,2592
878,146,O,2593
878,146,O,2594
878,146,O,2595
878,146,O,2596
878,146,O,2597
878,146,O,2598
878,146,O,2599
878,146,O,2600
878,146,O,2601
878,146,O,2602
878,146,O,2603
878,146,O,2604
878,146,O,2605
878,146,O,2606
878,146,O,2607
878,146,O,2608
878,146,O,2609
878,146,O,2610
878,146,O,2611
878,146,O,2612
878,146,O,2613
878,146,O,2614
878,146,O,2615
878,146,O,2616
878,146,O,2617
878,146,O,2618
878,146,O,2619
878,146,O,2620
878,146,O,2621
878,146,O,2622
878,146,O,2623
878,146,O,2624
878,146,O,2625
878,146,O,2626
878,146,O,2627
878,146,O,2628
878,146,O,2629
878,146,O,2630
878,146,O,2631
878,146,O,2632
878,146,O,2633
878,146,O,2634
878,146,O,2635
878,146,O,2636
878,146,O,2637
878,146,O,2638
878,146,O,2639
878,146,O,2640
878,146,O,2641
878,146,O,2642
878,146,O,2643
878,146,O,2644
878,146,O,2645
878,146,O,2646
878,146,O,2647
878,146,O,2648
878,146,O,2649
878,146,O,2650
878,146,O,2651
878,146,O,2652
878,146,O,2653
878,146,O,2654
878,146,O,2655
878,146,O,2656
878,146,O,2657
878,146,O,2658
878,146,O,2659
878,146,O,2660
878,146,O,2661
878,146,O,2662
878,146,O,2663
878,146,O,2664
878,146,O,2665
878,146,O,2666
878,146,O,2667
878,146,O,2668
878,146,O,2669
878,146,O,2670
878,146,O,2671
878,146,O,2672
878,146,O,2673
878,146,O,2674
878,146,O,2675
878,146,O,2676
878,146,O,2677
878,146,O,2678
878,146,O,2679
878,146,O,2680
878,146,O,2681
878,146,O,2682
878,146,O,2683
878,146,O,2684
878,146,O,2685
878,146,O,2686
878,146,O,2687
878,146,O,2688
878,146,O,2689
878,146,O,2690
878,146,O,2691
878,146,O,2692
878,146,O,2693
878,146,O,2694
878,146,O,2695
878,146,O,2696
878,146,O,2697
878,146,O,2698
878,146,O,2699
878,146,O,2700
878,146,O,2701
878,146,O,2702
878,146,O,2703
878,146,O,2704
878,146,O,2705
878,146,O,2706
878,146,O,2707
878,146,O,2708
878,146,O,2709
878,146,O,2710
878,146,O,2711
878,146,O,2712
878,146,O,2713
878,146,O,2714
878,146,O,2715
878,146,O,2716
878,146,O,2717
878,146,O,2718
878,146,O,2719
878,146,O,2720
878,146,O,2721
878,146,O,2722
878,146,O,2723
878,146,O,2724
878,146,O,2725
878,146,O,2726
878,146,O,2727
878,146,O,2728
878,146,O,2729
878,146,O,2730
878,146,O,2731
878,146,O,2732
878,146,O,2733
878,146,O,2734
878,146,O,2735
878,146,O,2736
878,146,O,2737
878,146,O,2738
878,146,O,2739
878,146,O,2740
878,146,O,2741
878,146,O,2742
878,146,O,2743
878,146,O,2744
878,146,O,2745
878,146,O,2746
878,146,O,2747
878,146,O,2748
878,146,O,2749
878,146,O,2750
878,146,O,2751
878,146,O,2752
878,146,O,2753
878,146,O,2754
878,146,O,2755
878,146,O,2756
878,146,O,2757
878,146,O,2758
878,146,O,2759
878,146,O,2760
878,146,O,2761
878,146,O,2762
878,146,O,2763
878,146,O,2764
878,146,O,2765
878,146,O,2766
878,146,O,2767
878,146,O,2768
878,146,O,2769
878,146,O,2770
878,146,O,2771
878,146,O,2772
878,146,O,2773
878,146,O,2774
878,146,O,2775
878,146,O,2776
878,146,O,2777
878,146,O,2778
878,146,O,2779
878,146,O,2780
878,146,O,2781
878,146,O,2782
878,146,O,2783
878,146,O,2784
878,146,O,2785
878,146,O,2786
878,146,O,2787
878,146,O,2788
878,146,O,2789
878,146,O,2790
878,146,O,2791
878,146,O,2792
878,146,O,2793
878,146,O,2794
878,146,O,2795
878,146,O,2796
878,146,O,2797
878,146,O,2798
878,146,O,2799
878,146,O,2800
878,146,O,2801
878,146,O,2802
878,146,O,2803
878,146,O,2804
878,146,O,2805
878,146,O,2806
878,146,O,2807
878,146,O,2808
878,146,O,2809
878,146,O,2810
878,146,O,2811
878,146,O,2812
878,146,O,2813
878,146,O,2814
878,146,O,2815
878,146,O,2816
878,146,O,2817
878,146,O,2818
878,146,O,2819
878,146,O,2820
878,146,O,2821
878,146,O,2822
878,146,O,2823
878,146,O,2824
878,146,O,2825
878,146,O,2826
878,146,O,2827
878,146,O,2828
878,146,O,2829
878,146,O,2830
878,146,SIGTERM,2831
878,146,SIGTERM,2832
878,146,SIGTERM,2833
878,146,SIGTERM,2834
878,146,SIGTERM,2835
878,146,SIGTERM,2836
878,146,SIGTERM,2837
878,146,SIGTERM,2838
878,146,SIGTERM,2839
878,146,SIGTERM,2840
878,146,SIGTERM,2841
878,146,SIGTERM,2842
878,146,SIGTERM,2843
878,146,SIGTERM,2844
878,146,SIGTERM,2845
878,146,SIGTERM,2846
878,146,SIGTERM,2847
878,146,SIGTERM,2848
878,146,SIGTERM,2849
878,146,SIGTERM,2850
878,146,SIGTERM,2851
878,146,O,2852
878,146,O,2853
878,146,O,2854
878,146,O,2855
878,146,O,2856
878,146,O,2857
878,146,O,2858
878,146,O,2859
878,146,O,2860
878,146,O,2861
878,146,O,2862
878,146,O,2863
878,146,O,2864
878,146,O,2865
878,146,O,2866
878,146,O,2867
878,146,O,2868
878,146,O,2869
878,146,O,2870
878,146,O,2871
878,146,O,2872
878,146,O,2873
878,146,O,2874
878,146,O,2875
878,146,O,2876
878,146,O,2877
878,146,O,2878
878,146,O,2879
878,146,O,2880
878,146,O,2881
878,146,O,2882
878,146,O,2883
878,146,O,2884
878,146,O,2885
878,146,O,2886
878,146,O,2887
878,146,O,2888
878,146,O,2889
878,146,O,2890
878,146,O,2891
878,146,O,2892
878,146,O,2893
878,146,O,2894
878,146,O,2895
878,146,O,2896
878,146,O,2897
878,146,O,2898
878,146,O,2899
878,146,O,2900
878,146,O,2901
878,146,O,2902
878,146,O,2903
878,146,O,2904
878,146,O,2905
878,146,O,2906
878,146,O,2907
878,146,O,2908
878,146,O,2909
878,146,O,2910
878,146,O,2911
878,146,O,2912
878,146,O,2913
878,134,O,2914
878,134,O,2915
878,134,O,2916
878,134,O,2917
878,134,O,2918
878,134,O,2919
878,134,O,2920
878,134,O,2921
878,134,O,2922
878,134,O,2923
878,134,O,2924
878,134,O,2925
878,134,O,2926
878,134,O,2927
878,134,O,2928
878,134,O,2929
878,134,O,2930
878,134,O,2931
878,134,O,2932
878,134,O,2933
878,134,O,2934
878,134,O,2935
878,134,O,2936
878,134,O,2937
878,134,O,2938
878,134,O,2939
878,134,O,2940
878,134,O,2941
878,134,O,2942
878,134,O,2943
878,134,O,2944
878,134,O,2945
878,134,O,2946
878,134,O,2947
878,134,O,2948
878,134,O,2949
878,134,O,2950
878,134,O,2951
878,134,O,2952
878,134,O,2953
878,134,O,2954
878,134,O,2955
878,134,O,2956
878,134,O,2957
878,134,O,2958
878,134,O,2959
878,134,O,2960
878,134,O,2961
878,134,O,2962
878,134,O,2963
878,134,O,2964
878,134,O,2965
878,134,O,2966
878,134,O,2967
878,134,O,2968
878,134,O,2969
878,134,O,2970
878,134,O,2971
878,134,O,2972
878,134,O,2973
878,134,O,2974
878,134,O,2975
878,134,O,2976
878,134,O,2977
878,134,O,2978
878,134,O,2979
878,134,O,2980
878,134,O,2981
878,134,O,2982
878,134,O,2983
878,134,SIGWINCH,2984
878,134,SIGWINCH,2985
878,134,SIGWINCH,2986
878,134,SIGWINCH,2987
878,134,SIGWINCH,2988
878,134,SIGWINCH,2989
878,134,SIGWINCH,2990
878,134,SIGWINCH,2991
878,134,SIGWINCH,2992
878,134,SIGWINCH,2993
878,134,O,2994
878,134,O,2995
878,134,O,2996
878,134,O,2997
878,134,O,2998
878,134,O,2999
