priority,time,memory,deleted
3,1,35.5,150
4,2,36.2,150
5,3,36.6,150
6,4,36.1,150
7,5,38,150
8,6,35.4,150
9,7,36.2,150
10,8,38.2,150
11,9,38.2,150
12,10,38.2,150
13,11,38.2,150
14,12,38.2,150
15,13,38.2,150
16,14,38.2,150
17,15,38.2,150
18,16,38.2,150
19,17,38.2,150
20,18,38.2,150
21,19,38.2,150
22,20,38.2,150
23,21,38.2,150
24,22,38.2,150
25,23,38.2,150
26,24,38.2,150
27,25,38.2,150
28,26,38.2,150
7,27,38.2,150
7,28,38.2,150
7,29,38.2,150
3,30,38.2,150
3,31,38.2,150
3,32,38.2,150
3,33,38.2,150
3,34,38.2,150
4,35,38.2,150
4,36,38.2,150
4,37,38.2,150
4,38,38.2,150
3,39,38.2,150
3,40,38.2,150
3,41,38.2,150
3,42,40,150
3,43,35.5,150
9,44,36.2,150
9,45,36.6,150
9,46,36.1,150
9,47,38,150
9,48,35.4,150
9,49,36.2,150
9,50,38.2,150
9,51,38.2,150
9,52,38.2,150
2,53,38.2,150
2,54,38.2,150
2,55,40.02,150
2,56,40.02,150
2,57,40.02,150
2,58,40.02,150
2,59,40.02,150
2,60,40.02,150
2,61,40.02,150
2,62,55.68,150
2,63,55.68,150
2,64,55.68,150
2,65,55.68,150
2,66,55.68,150
2,67,55.68,150
2,68,55.68,150
2,69,55.68,150
2,70,55.68,150
2,71,55.68,150
2,72,55.68,150
2,73,55.68,150
2,74,55.68,150
2,75,55.68,150
2,76,55.68,150
2,77,55.68,150
2,78,48.87,150
2,79,48.87,150
2,80,48.87,150
2,81,45.12,150
2,82,65.78,150
2,83,65.78,150
2,84,65.78,150
2,85,65.78,150
2,86,65.78,150
2,87,65.78,150
2,88,65.78,150
2,89,65.78,150
2,90,65.78,150
2,91,65.78,150
2,92,65.78,150
2,93,65.78,150
2,94,65.78,150
2,95,65.78,150
2,96,65.78,150
2,97,65.78,150
2,98,65.78,150
2,99,65.78,150
2,100,65.78,150
2,101,65.78,150
2,102,65.78,150
2,103,65.78,150
2,104,65.78,150
2,105,35.5,150
10,106,36.2,150
10,107,36.6,150
10,108,36.1,150
10,109,38,150
10,110,35.4,150
10,111,36.2,150
2,112,38.2,150
2,113,38.2,150
2,114,38.2,150
2,115,38.2,150
2,116,38.2,150
2,117,38.2,150
2,118,38.2,150
2,119,38.2,150
2,120,38.2,150
2,121,42.56,150
2,122,42.56,150
2,123,42.56,150
2,124,42.48,150
2,125,42.48,150
3,126,42.48,150
3,127,42.48,150
3,128,42.48,150
2,129,42.48,150
2,130,42.48,150
2,131,42.48,150
2,132,42.48,150
2,133,41.96,150
2,134,41.87,150
2,135,35.39,150
3,136,35.39,150
2,137,35.39,150
2,138,35.39,150
2,139,35.39,150
2,140,35.39,150
2,141,30.9,150
2,142,59.1,150
2,143,59,150
45,144,60.87,150
7,145,60.87,150
6,146,60.87,150
6,147,60.87,150
6,148,60.87,150
6,149,60.87,150
6,150,60.87,150
2,151,58.46,150
2,152,58.46,150
2,153,58.46,150
2,154,58.46,150
2,155,58.46,150
2,156,58.46,150
2,157,58.46,150
2,158,58.46,150
2,159,58.46,150
2,160,59.54,150
2,161,43.53,150
47,162,43.53,150
35,163,43.53,150
35,164,76.85,150
35,165,76.85,168
22,166,76.85,168
12,167,76.85,168
2,168,56.36,168
2,169,56.36,168
2,170,56.36,168
2,171,56.36,168
2,172,56.36,168
2,173,56.36,168
2,174,76,168
2,175,76,168
2,176,76,168
2,177,45.16,168
2,178,45.16,168
2,179,45.16,168
2,180,45.16,168
45,181,47,168
45,182,47.56,168
35,183,75.58,168
30,184,35.5,168
25,185,36.2,168
10,186,36.6,168
2,187,36.1,168
2,188,38,168
2,189,35.4,168
2,190,36.2,168
2,191,38.2,168
2,192,38.2,168
2,193,38.2,168
2,194,38.2,168
2,195,38.2,168
2,196,38.2,168
2,197,38.2,168
2,198,38.2,168
2,199,38.2,168
2,200,38.2,168
2,201,38.2,168
2,202,38.2,168
2,203,38.2,168
2,204,38.2,168
2,205,38.2,168
2,206,38.2,168
2,207,38.2,168
2,208,38.2,168
2,209,38.2,168
2,210,38.2,168
2,211,38.2,168
2,212,38.2,168
2,213,38.2,168
2,214,38.2,168
10,215,38.2,168
11,216,38.2,168
12,217,38.2,168
13,218,38.2,168
14,219,38.2,168
15,220,38.2,168
16,221,38.2,168
17,222,38.2,168
18,223,38.2,168
19,224,38.2,168
20,225,0,168
21,226,35.5,168
22,227,36.2,168
23,228,36.6,168
24,229,36.1,168
25,230,38,168
26,231,35.4,168
27,232,36.2,168
28,233,38.2,168
3,234,38.2,168
3,235,38.2,168
3,236,38.2,168
3,237,38.2,168
4,238,40.02,168
4,239,40.02,168
4,240,40.02,168
4,241,40.02,168
3,242,40.02,168
3,243,40.02,168
3,244,40.02,168
3,245,55.68,168
3,246,55.68,168
9,247,55.68,168
9,248,55.68,168
9,249,55.68,168
9,250,55.68,168
9,251,55.68,168
9,252,55.68,168
9,253,55.68,168
9,254,55.68,168
9,255,55.68,168
2,256,55.68,168
2,257,55.68,168
2,258,55.68,168
2,259,55.68,168
2,260,55.68,168
2,261,48.87,168
2,262,48.87,168
2,263,48.87,168
2,264,45.12,168
2,265,65.78,168
2,266,65.78,168
2,267,65.78,168
2,268,65.78,168
2,269,65.78,168
2,270,65.78,168
2,271,65.78,168
2,272,65.78,168
2,273,65.78,168
2,274,65.78,168
2,275,65.78,168
2,276,65.78,168
2,277,65.78,168
2,278,65.78,168
2,279,65.78,168
2,280,65.78,168
2,281,65.78,168
2,282,65.78,168
2,283,65.78,168
2,284,65.78,168
2,285,65.78,168
2,286,65.78,168
2,287,65.78,168
2,288,35.5,168
2,289,36.2,168
2,290,36.6,168
2,291,36.1,168
2,292,38,168
2,293,35.4,168
2,294,36.2,168
2,295,38.2,168
2,296,38.2,168
2,297,38.2,168
2,298,38.2,168
2,299,38.2,168
2,300,38.2,168
2,301,38.2,168
2,302,38.2,168
2,303,38.2,168
2,304,42.56,168
2,305,42.56,168
2,306,42.56,168
2,307,42.48,168
2,308,42.48,168
10,309,42.48,168
10,310,42.48,168
10,311,42.48,168
10,312,42.48,168
10,313,42.48,168
10,314,42.48,100
2,315,42.48,100
2,316,41.96,100
2,317,41.87,100
2,318,35.39,100
2,319,35.39,100
2,320,35.39,100
2,321,35.39,100
2,322,35.39,100
2,323,35.39,100
2,324,30.9,45
2,325,59.1,44
2,326,59,44
2,327,60.87,44
2,328,60.87,44
3,329,60.87,44
3,330,60.87,44
3,331,60.87,44
2,332,60.87,44
2,333,60.87,44
2,334,58.46,44
2,335,58.46,44
2,336,58.46,44
2,337,58.46,44
2,338,58.46,44
3,339,58.46,44
2,340,58.46,44
2,341,58.46,44
2,342,58.46,44
2,343,59.54,44
2,344,43.53,44
2,345,43.53,44
2,346,43.53,44
45,347,46.85,44
7,348,46.85,44
6,349,46.85,44
6,350,46.85,44
6,351,56.36,44
6,352,56.36,44
6,353,56.36,44
2,354,56.36,44
2,355,56.36,44
2,356,56.36,44
2,357,46,44
2,358,46,44
2,359,46,44
2,360,45.16,192
2,361,45.16,192
2,362,45.16,192
2,363,45.16,192
2,364,47,192
47,365,47.56,192
35,366,24,192
35,367,38.2,192
35,368,38.2,192
22,369,38.2,192
12,370,38.2,192
2,371,38.2,192
2,372,38.2,192
2,373,38.2,192
2,374,38.2,192
2,375,38.2,192
2,376,38.2,192
2,377,38.2,192
2,378,38.2,192
2,379,38.2,192
2,380,38.2,192
2,381,38.2,192
2,382,38.2,192
2,383,38.2,192
45,384,38.2,192
45,385,38.2,192
35,386,38.2,192
30,387,38.2,192
25,388,38.2,192
10,389,38.2,192
2,390,35.5,192
2,391,36.2,192
2,392,36.6,192
2,393,36.1,192
2,394,38,192
2,395,35.4,192
2,396,36.2,192
2,397,38.2,192
2,398,38.2,192
2,399,38.2,192
2,400,38.2,192
2,401,38.2,192
2,402,40.02,192
2,403,40.02,192
2,404,40.02,192
2,405,40.02,192
2,406,40.02,192
2,407,40.02,192
2,408,40.02,192
3,409,55.68,192
5,410,55.68,192
12,411,55.68,192
2,412,55.68,192
4,413,55.68,192
3,414,55.68,192
2,415,55.68,192
6,416,55.68,192
6,417,55.68,192
9,418,55.68,192
8,419,55.68,192
7,420,55.68,192
8,421,55.68,192
3,422,55.68,192
5,423,55.68,192
9,424,55.68,192
2,425,48.87,192
4,426,48.87,192
3,427,48.87,192
2,428,45.12,192
1,429,65.78,192
2,430,65.78,192
3,431,65.78,192
2,432,65.78,192
5,433,65.78,192
4,434,65.78,192
7,435,65.78,192
1,436,65.78,192
0,437,65.78,192
2,438,65.78,192
1,439,65.78,192
3,440,65.78,192
4,441,65.78,192
6,442,65.78,192
5,443,65.78,192
4,444,65.78,192
7,445,65.78,192
1,446,65.78,192
0,447,65.78,192
2,448,65.78,192
1,449,65.78,192
3,450,65.78,192
4,451,65.78,192
6,452,35.5,192
2,453,36.2,192
1,454,36.6,192
3,455,36.1,192
4,456,38,192
7,457,35.4,192
8,458,36.2,192
5,459,38.2,192
1,460,38.2,192
3,461,38.2,192
2,462,38.2,192
1,463,38.2,192
1,464,38.2,192
2,465,38.2,192
3,466,38.2,192
5,467,38.2,192
4,468,42.56,192
6,469,42.56,192
1,470,42.56,192
2,471,42.48,192
15,472,42.48,192
2,473,42.48,192
3,474,42.48,192
2,475,42.48,192
1,476,42.48,192
3,477,42.48,192
5,478,42.48,192
4,479,42.48,192
6,480,41.96,192
9,481,41.87,192
8,482,35.39,192
7,483,35.39,192
6,484,35.39,192
3,485,35.39,192
5,486,35.39,192
7,487,35.39,192
2,488,30.9,192
4,489,59.1,192
3,490,59,192
2,491,60.87,192
8,492,60.87,192
6,493,60.87,192
9,494,60.87,192
8,495,60.87,192
7,496,60.87,192
1,497,60.87,192
3,498,58.46,192
5,499,58.46,192
4,500,58.46,192
6,501,58.46,192
9,502,58.46,192
8,503,58.46,192
7,504,58.46,192
10,505,58.46,192
3,506,58.46,192
5,507,59.54,192
2,508,43.53,192
2,509,43.53,192
4,510,38.2,192
3,511,38.2,192
2,512,38.2,192
9,513,38.2,192
6,514,20,192
9,515,35.5,192
8,516,36.2,192
7,517,36.6,192
4,518,36.1,192
3,519,38,192
5,520,35.4,192
8,521,36.2,192
2,522,38.2,192
4,523,38.2,192
3,524,38.2,192
2,525,38.2,192
5,526,38.2,192
2,527,40.02,192
3,528,40.02,192
2,529,40.02,192
5,530,40.02,192
4,531,40.02,192
7,532,40.02,192
1,533,40.02,192
0,534,55.68,192
2,535,55.68,192
1,536,55.68,192
3,537,55.68,192
4,538,55.68,192
6,539,55.68,192
5,540,55.68,192
4,541,55.68,192
7,542,55.68,192
1,543,55.68,192
0,544,55.68,192
2,545,55.68,192
1,546,55.68,192
3,547,55.68,192
4,548,55.68,192
6,549,55.68,192
2,550,48.87,192
1,551,48.87,192
3,552,48.87,192
4,553,45.12,192
7,554,65.78,192
8,555,65.78,192
7,556,65.78,192
1,557,65.78,192
3,558,65.78,192
2,559,65.78,192
1,560,65.78,192
1,561,65.78,192
2,562,65.78,192
3,563,65.78,192
5,564,65.78,192
4,565,65.78,192
6,566,65.78,192
1,567,65.78,192
2,568,65.78,192
5,569,65.78,192
2,570,65.78,192
3,571,65.78,192
2,572,65.78,192
1,573,65.78,192
3,574,65.78,192
5,575,65.78,192
4,576,65.78,192
6,577,35.5,192
9,578,36.2,192
8,579,36.6,192
7,580,36.1,192
2,581,38,192
3,582,35.4,192
5,583,36.2,192
0,584,38.2,192
2,585,38.2,192
4,586,38.2,192
3,587,38.2,192
2,588,38.2,192
0,589,38.2,192
6,590,38.2,192
9,591,38.2,192
8,592,38.2,192
7,593,42.56,192
9,594,42.56,192
8,595,42.56,192
3,596,42.48,192
5,597,42.48,192
5,598,42.48,192
2,599,42.48,192
4,600,42.48,192
3,601,42.48,192
2,602,42.48,192
6,603,42.48,192
6,604,42.48,192
9,605,41.96,192
8,606,41.87,192
7,607,35.39,192
7,608,35.39,192
3,609,35.39,192
5,610,35.39,192
8,611,35.39,192
2,612,35.39,192
4,613,30.9,192
3,614,59.1,192
2,615,59,192
1,616,60.87,192
2,617,60.87,192
3,618,60.87,192
2,619,60.87,192
5,620,60.87,192
4,621,60.87,192
7,622,60.87,192
1,623,58.46,192
0,624,58.46,192
2,625,58.46,192
1,626,58.46,192
3,627,58.46,192
4,628,58.46,192
6,629,58.46,192
5,630,58.46,192
4,631,58.46,192
7,632,59.54,192
1,633,43.53,192
0,634,43.53,192
2,635,43.53,192
1,636,76.85,192
3,637,76.85,192
4,638,76.85,192
6,639,76.85,192
2,640,56.36,192
1,641,56.36,192
3,642,56.36,192
4,643,56.36,192
7,644,56.36,192
8,645,56.36,192
9,646,76,192
1,647,76,192
3,648,76,192
2,649,45.16,192
1,650,45.16,192
1,651,45.16,192
2,652,45.16,192
3,653,47,192
5,654,47.56,192
4,655,75.58,192
6,656,35.5,192
1,657,36.2,192
2,658,36.6,192
15,659,36.1,192
2,660,38,192
3,661,35.4,192
2,662,36.2,192
1,663,38.2,192
3,664,38.2,192
5,665,38.2,192
4,666,38.2,192
6,667,38.2,192
9,668,38.2,192
8,669,38.2,192
7,670,38.2,192
12,671,38.2,192
3,672,38.2,192
5,673,38.2,71
19,674,38.2,71
2,675,38.2,71
4,676,38.2,71
3,677,38.2,71
2,678,38.2,71
10,679,38.2,71
6,680,38.2,71
9,681,38.2,71
8,682,38.2,71
7,683,38.2,45
12,684,38.2,54
4,685,38.2,54
3,686,38.2,54
2,687,38.2,54
10,688,38.2,54
6,689,38.2,51
9,690,38.2,57
8,691,38.2,56
7,692,38.2,44
12,693,38.2,44
3,694,38.2,44
5,695,38.2,44
4,696,38.2,44
6,697,35.5,44
9,698,36.2,44
8,699,36.6,44
7,700,36.1,44
12,701,38,44
3,702,35.4,44
5,703,36.2,44
19,704,38.2,44
2,705,38.2,44
4,706,38.2,44
3,707,38.2,44
2,708,38.2,44
10,709,40.02,44
6,710,40.02,44
9,711,40.02,44
8,712,40.02,44
7,713,40.02,44
12,714,40.02,44
3,715,40.02,44
5,716,55.68,44
19,717,55.68,44
2,718,55.68,44
4,719,55.68,44
3,720,55.68,44
2,721,55.68,44
10,722,55.68,44
2,723,55.68,44
3,724,55.68,44
2,725,55.68,44
5,726,55.68,44
4,727,55.68,44
7,728,55.68,44
1,729,55.68,44
0,730,55.68,44
2,731,55.68,44
1,732,48.87,44
3,733,48.87,44
4,734,48.87,44
6,735,45.12,44
5,736,65.78,44
4,737,65.78,44
7,738,65.78,44
1,739,65.78,44
0,740,65.78,44
2,741,65.78,44
1,742,65.78,44
3,743,65.78,44
4,744,65.78,44
6,745,65.78,44
2,746,65.78,44
1,747,65.78,44
3,748,65.78,44
4,749,65.78,44
7,750,65.78,44
8,751,65.78,44
10,752,65.78,44
1,753,65.78,44
3,754,65.78,44
2,755,65.78,44
1,756,65.78,44
1,757,65.78,44
2,758,65.78,44
3,759,35.5,44
5,760,36.2,44
4,761,36.6,44
6,762,36.1,44
1,763,38,44
2,764,35.4,44
15,765,36.2,44
2,766,38.2,44
3,767,38.2,44
2,768,38.2,44
1,769,38.2,44
3,770,38.2,44
5,771,38.2,44
4,772,38.2,44
6,773,38.2,44
9,774,38.2,44
8,775,42.56,44
7,776,42.56,44
12,777,42.56,44
3,778,42.48,44
5,779,42.48,44
19,780,42.48,44
2,781,42.48,44
4,782,42.48,44
3,783,42.48,44
2,784,42.48,44
10,785,42.48,44
6,786,42.48,44
9,787,41.96,44
8,788,41.87,44
7,789,35.39,44
12,790,35.39,44
12,791,35.39,44
3,792,35.39,44
5,793,35.39,44
19,794,35.39,44
2,795,30.9,44
4,796,59.1,44
3,797,59,44
2,798,60.87,44
10,799,60.87,44
6,800,60.87,44
9,801,60.87,44
8,802,60.87,44
7,803,60.87,44
12,804,60.87,44
3,805,58.46,44
5,806,58.46,44
19,807,58.46,44
2,808,58.46,44
4,809,58.46,44
3,810,58.46,44
2,811,58.46,44
10,812,58.46,44
2,813,58.46,44
3,814,59.54,44
2,815,43.53,44
5,816,43.53,44
4,817,43.53,44
7,818,46.85,44
1,819,46.85,44
0,820,46.85,47
2,821,46.85,44
1,822,56.36,44
3,823,56.36,44
4,824,56.36,44
6,825,56.36,44
5,826,56.36,44
4,827,56.36,44
7,828,46,44
1,829,46,44
0,830,46,44
2,831,45.16,44
1,832,45.16,44
3,833,45.16,44
4,834,45.16,44
6,835,47,44
2,836,47.56,44
1,837,24,44
3,838,38.2,44
4,839,38.2,44
7,840,38.2,44
8,841,38.2,44
10,842,38.2,44
1,843,38.2,44
3,844,38.2,44
2,845,38.2,44
1,846,38.2,44
1,847,38.2,44
2,848,38.2,44
3,849,38.2,44
5,850,38.2,44
4,851,38.2,44
6,852,38.2,44
1,853,38.2,44
2,854,38.2,44
15,855,38.2,44
2,856,38.2,44
3,857,38.2,44
2,858,38.2,44
1,859,38.2,44
3,860,38.2,44
5,861,35.5,44
4,862,36.2,44
6,863,36.6,44
9,864,36.1,44
8,865,38,44
7,866,35.4,44
12,867,36.2,44
3,868,38.2,44
5,869,38.2,44
19,870,38.2,44
2,871,38.2,44
4,872,38.2,44
3,873,40.02,44
2,874,40.02,44
10,875,40.02,44
0,876,40.02,44
0,877,40.02,44
0,878,40.02,44
0,879,40.02,44
0,880,55.68,44
0,881,55.68,44
0,882,55.68,44
0,883,55.68,44
0,884,55.68,44
0,885,55.68,44
0,886,55.68,44
0,887,55.68,44
0,888,55.68,44
0,889,55.68,44
0,890,55.68,44
0,891,55.68,44
0,892,55.68,44
0,893,55.68,44
0,894,55.68,44
0,895,55.68,44
0,896,48.87,44
0,897,48.87,44
0,898,48.87,44
0,899,45.12,44
0,900,65.78,44
0,901,65.78,44
0,902,65.78,44
0,903,65.78,44
0,904,65.78,44
0,905,65.78,44
0,906,65.78,45
0,907,65.78,44
0,908,65.78,44
0,909,65.78,44
0,910,65.78,44
0,911,65.78,44
0,912,65.78,44
0,913,65.78,44
0,914,65.78,44
0,915,65.78,44
0,916,65.78,44
0,917,65.78,44
0,918,65.78,44
0,919,65.78,44
0,920,65.78,44
0,921,65.78,44
0,922,65.78,44
0,923,35.5,44
0,924,36.2,44
0,925,36.6,44
0,926,36.1,44
0,927,38,44
0,928,35.4,44
0,929,36.2,44
0,930,38.2,44
0,931,38.2,44
0,932,38.2,44
0,933,38.2,44
0,934,38.2,44
0,935,38.2,44
0,936,38.2,44
0,937,38.2,44
0,938,38.2,44
0,939,42.56,44
0,940,42.56,44
0,941,42.56,44
0,942,42.48,44
0,943,42.48,44
0,944,42.48,44
0,945,42.48,44
0,946,42.48,44
0,947,42.48,44
0,948,42.48,45
0,949,42.48,44
0,950,42.48,44
0,951,41.96,44
0,952,41.87,44
0,953,35.39,44
1,954,35.39,44
2,955,35.39,44
5,956,35.39,44
7,957,35.39,44
4,958,35.39,44
3,959,30.9,44
2,960,59.1,44
10,961,59,44
6,962,60.87,44
9,963,60.87,44
8,964,60.87,44
7,965,60.87,44
12,966,60.87,44
3,967,60.87,44
5,968,60.87,44
19,969,58.46,44
2,970,58.46,46
4,971,58.46,44
3,972,38.2,44
2,973,38.2,44
10,974,50,44
2,975,35.5,44
3,976,36.2,44
2,977,36.6,44
5,978,36.1,44
4,979,38,44
7,980,35.4,44
1,981,36.2,44
0,982,38.2,44
2,983,38.2,44
1,984,38.2,44
3,985,38.2,44
4,986,38.2,44
6,987,40.02,44
5,988,40.02,44
4,989,40.02,44
7,990,40.02,44
1,991,40.02,44
0,992,40.02,44
2,993,40.02,44
1,994,55.68,44
3,995,55.68,44
4,996,55.68,44
6,997,55.68,44
2,998,55.68,44
1,999,55.68,44
3,1000,55.68,44
4,1001,55.68,44
7,1002,55.68,44
8,1003,55.68,44
10,1004,55.68,44
1,1005,55.68,44
3,1006,55.68,44
2,1007,55.68,44
1,1008,55.68,44
1,1009,55.68,44
2,1010,48.87,44
3,1011,48.87,44
5,1012,48.87,44
4,1013,45.12,44
6,1014,65.78,44
1,1015,65.78,44
2,1016,65.78,44
15,1017,65.78,44
2,1018,65.78,44
3,1019,65.78,44
2,1020,65.78,44
1,1021,65.78,44
3,1022,65.78,47
5,1023,65.78,44
4,1024,65.78,44
6,1025,65.78,44
9,1026,65.78,44
8,1027,65.78,44
7,1028,65.78,44
12,1029,65.78,44
3,1030,65.78,44
5,1031,65.78,44
19,1032,65.78,44
2,1033,65.78,44
4,1034,65.78,44
3,1035,65.78,44
2,1036,65.78,44
10,1037,35.5,44
6,1038,36.2,44
9,1039,36.6,44
8,1040,36.1,44
7,1041,38,44
12,1042,35.4,44
3,1043,36.2,44
5,1044,38.2,44
4,1045,38.2,44
6,1046,38.2,44
9,1047,38.2,44
8,1048,38.2,44
7,1049,38.2,44
12,1050,38.2,44
3,1051,38.2,44
5,1052,38.2,44
19,1053,42.56,44
2,1054,42.56,44
4,1055,42.56,44
3,1056,42.48,44
4,1057,42.48,44
3,1058,42.48,44
2,1059,42.48,44
10,1060,42.48,44
6,1061,42.48,44
9,1062,42.48,44
8,1063,42.48,44
7,1064,42.48,44
12,1065,41.96,44
3,1066,41.87,44
5,1067,35.39,44
19,1068,35.39,44
2,1069,35.39,44
4,1070,35.39,44
3,1071,35.39,44
2,1072,35.39,44
10,1073,30.9,44
2,1074,59.1,44
3,1075,59,44
2,1076,60.87,47
5,1077,60.87,44
4,1078,60.87,44
7,1079,60.87,44
1,1080,60.87,44
0,1081,60.87,44
2,1082,60.87,44
1,1083,58.46,44
3,1084,58.46,44
4,1085,58.46,44
6,1086,58.46,44
5,1087,58.46,44
4,1088,58.46,44
7,1089,58.46,44
1,1090,58.46,44
0,1091,58.46,44
2,1092,59.54,44
1,1093,43.53,44
3,1094,43.53,44
4,1095,43.53,44
6,1096,76.85,44
2,1097,76.85,44
1,1098,76.85,44
3,1099,76.85,44
4,1100,56.36,44
7,1101,56.36,44
8,1102,56.36,44
10,1103,56.36,44
1,1104,56.36,44
3,1105,56.36,44
2,1106,76,44
1,1107,76,44
1,1108,76,44
2,1109,45.16,44
3,1110,45.16,44
5,1111,45.16,44
4,1112,45.16,44
6,1113,47,44
1,1114,47.56,44
2,1115,75.58,44
15,1116,35.5,44
2,1117,36.2,44
3,1118,36.6,44
2,1119,36.1,44
1,1120,38,44
3,1121,35.4,44
5,1122,36.2,44
4,1123,38.2,44
6,1124,38.2,44
9,1125,38.2,44
8,1126,38.2,44
7,1127,38.2,44
12,1128,38.2,44
3,1129,38.2,44
5,1130,38.2,44
19,1131,38.2,44
2,1132,38.2,44
4,1133,38.2,44
3,1134,38.2,44
2,1135,38.2,44
10,1136,38.2,44
6,1137,38.2,44
9,1138,38.2,44
8,1139,38.2,44
7,1140,38.2,44
12,1141,38.2,44
3,1142,38.2,44
5,1143,38.2,44
4,1144,38.2,44
6,1145,38.2,44
9,1146,38.2,44
8,1147,38.2,44
7,1148,38.2,44
12,1149,38.2,44
3,1150,38.2,44
5,1151,38.2,44
19,1152,38.2,44
2,1153,38.2,44
4,1154,38.2,44
3,1155,38.2,44
0,1156,38.2,44
0,1157,0,44
0,1158,35.5,44
0,1159,36.2,44
0,1160,36.6,44
0,1161,36.1,44
0,1162,38,44
0,1163,35.4,44
0,1164,36.2,44
0,1165,38.2,44
0,1166,38.2,44
0,1167,38.2,44
0,1168,38.2,44
0,1169,38.2,44
0,1170,40.02,44
0,1171,40.02,44
0,1172,40.02,44
0,1173,40.02,44
0,1174,40.02,44
0,1175,40.02,44
0,1176,40.02,44
0,1177,55.68,44
0,1178,55.68,44
0,1179,55.68,44
0,1180,55.68,44
0,1181,55.68,44
0,1182,55.68,47
0,1183,55.68,44
0,1184,55.68,44
0,1185,55.68,44
0,1186,55.68,44
0,1187,55.68,44
0,1188,55.68,44
0,1189,55.68,44
0,1190,55.68,44
0,1191,55.68,44
0,1192,55.68,44
0,1193,48.87,44
0,1194,48.87,44
0,1195,48.87,44
0,1196,45.12,44
0,1197,65.78,44
0,1198,65.78,44
0,1199,65.78,44
0,1200,65.78,44
0,1201,65.78,44
0,1202,65.78,44
0,1203,65.78,44
0,1204,65.78,44
0,1205,65.78,44
0,1206,65.78,44
0,1207,65.78,44
0,1208,65.78,44
0,1209,65.78,44
0,1210,65.78,44
0,1211,65.78,44
0,1212,65.78,44
0,1213,65.78,44
0,1214,65.78,44
0,1215,65.78,44
0,1216,65.78,44
0,1217,65.78,44
0,1218,65.78,44
0,1219,65.78,44
0,1220,35.5,44
0,1221,36.2,44
0,1222,36.6,44
0,1223,36.1,44
0,1224,38,44
0,1225,35.4,44
0,1226,36.2,44
0,1227,38.2,44
0,1228,38.2,44
0,1229,38.2,44
0,1230,38.2,44
0,1231,38.2,44
0,1232,38.2,44
0,1233,38.2,44
0,1234,38.2,44
0,1235,38.2,44
0,1236,42.56,44
0,1237,42.56,44
0,1238,42.56,44
0,1239,42.48,44
0,1240,42.48,44
0,1241,42.48,44
0,1242,42.48,44
0,1243,42.48,44
0,1244,42.48,44
0,1245,42.48,44
0,1246,42.48,44
0,1247,42.48,44
0,1248,41.96,44
0,1249,41.87,44
0,1250,35.39,44
0,1251,35.39,44
0,1252,35.39,44
0,1253,35.39,44
0,1254,35.39,44
0,1255,35.39,44
0,1256,30.9,44
0,1257,59.1,44
0,1258,59,44
0,1259,60.87,44
0,1260,60.87,44
0,1261,60.87,44
0,1262,60.87,44
0,1263,60.87,44
0,1264,60.87,44
0,1265,60.87,44
0,1266,58.46,44
0,1267,58.46,44
0,1268,58.46,44
0,1269,58.46,44
0,1270,58.46,44
0,1271,58.46,44
0,1272,58.46,44
0,1273,58.46,44
0,1274,58.46,44
0,1275,59.54,44
0,1276,43.53,44
0,1277,43.53,44
0,1278,43.53,45
0,1279,46.85,44
0,1280,46.85,44
0,1281,46.85,105
0,1282,46.85,105
0,1283,56.36,107
0,1284,56.36,49
0,1285,56.36,49
0,1286,56.36,49
0,1287,56.36,49
0,1288,56.36,49
0,1289,46,49
0,1290,46,49
0,1291,46,49
0,1292,45.16,48
0,1293,45.16,49
0,1294,45.16,52
0,1295,45.16,49
0,1296,47,49
0,1297,47.56,49
0,1298,24,49
0,1299,38.2,49
0,1300,38.2,49
0,1301,38.2,49
0,1302,38.2,49
0,1303,38.2,49
0,1304,38.2,49
0,1305,38.2,49
0,1306,38.2,49
0,1307,38.2,49
0,1308,38.2,49
0,1309,38.2,49
0,1310,38.2,49
0,1311,38.2,49
0,1312,38.2,49
0,1313,38.2,49
0,1314,38.2,49
0,1315,38.2,49
0,1316,38.2,49
0,1317,38.2,49
0,1318,38.2,49
0,1319,38.2,49
0,1320,38.2,49
0,1321,38.2,49
0,1322,35.5,49
0,1323,36.2,49
0,1324,36.6,49
0,1325,36.1,49
0,1326,38,49
0,1327,35.4,49
0,1328,36.2,49
0,1329,38.2,49
0,1330,38.2,49
0,1331,38.2,49
0,1332,38.2,49
0,1333,38.2,49
0,1334,40.02,49
0,1335,40.02,49
0,1336,40.02,49
0,1337,40.02,49
0,1338,40.02,49
0,1339,40.02,49
0,1340,40.02,49
0,1341,55.68,49
0,1342,55.68,49
0,1343,55.68,49
0,1344,55.68,49
0,1345,55.68,49
0,1346,55.68,49
0,1347,55.68,49
0,1348,55.68,49
0,1349,55.68,49
0,1350,55.68,49
0,1351,55.68,49
0,1352,55.68,49
0,1353,55.68,49
0,1354,55.68,49
0,1355,55.68,49
0,1356,55.68,49
0,1357,48.87,49
0,1358,48.87,49
0,1359,48.87,49
0,1360,45.12,49
0,1361,65.78,49
0,1362,65.78,49
0,1363,65.78,49
0,1364,65.78,49
0,1365,65.78,49
0,1366,65.78,49
0,1367,65.78,49
0,1368,65.78,49
0,1369,65.78,49
0,1370,65.78,49
0,1371,65.78,49
0,1372,65.78,49
0,1373,65.78,49
0,1374,65.78,49
0,1375,65.78,49
0,1376,65.78,49
0,1377,65.78,49
0,1378,65.78,49
0,1379,65.78,49
0,1380,65.78,49
0,1381,65.78,49
0,1382,65.78,49
0,1383,65.78,49
0,1384,35.5,49
0,1385,36.2,49
0,1386,36.6,49
0,1387,36.1,51
0,1388,38,51
0,1389,35.4,51
0,1390,36.2,51
0,1391,38.2,51
0,1392,38.2,51
0,1393,38.2,51
0,1394,38.2,51
0,1395,38.2,51
0,1396,38.2,51
0,1397,38.2,51
0,1398,38.2,51
0,1399,38.2,51
0,1400,42.56,51
0,1401,42.56,51
0,1402,42.56,51
0,1403,42.48,51
0,1404,42.48,51
0,1405,42.48,51
0,1406,42.48,51
0,1407,42.48,51
0,1408,42.48,51
0,1409,42.48,51
0,1410,42.48,51
0,1411,42.48,51
0,1412,41.96,51
0,1413,41.87,51
0,1414,35.39,51
0,1415,35.39,51
0,1416,35.39,51
0,1417,35.39,51
0,1418,35.39,51
0,1419,35.39,51
0,1420,30.9,51
0,1421,59.1,51
0,1422,59,51
0,1423,60.87,51
0,1424,60.87,51
0,1425,60.87,51
0,1426,60.87,51
0,1427,60.87,51
0,1428,60.87,51
0,1429,60.87,51
0,1430,58.46,51
0,1431,58.46,51
0,1432,58.46,51
0,1433,58.46,51
0,1434,58.46,51
0,1435,58.46,51
0,1436,58.46,51
0,1437,58.46,51
0,1438,58.46,51
0,1439,59.54,51
0,1440,43.53,51
0,1441,43.53,51
0,1442,38.2,51
0,1443,38.2,51
0,1444,38.2,51
0,1445,38.2,51
0,1446,20,51
0,1447,35.5,51
0,1448,36.2,51
0,1449,36.6,51
0,1450,36.1,51
0,1451,38,51
0,1452,35.4,51
0,1453,36.2,51
0,1454,38.2,51
0,1455,38.2,52
0,1456,38.2,51
0,1457,38.2,51
0,1458,38.2,51
0,1459,40.02,51
0,1460,40.02,51
0,1461,40.02,51
0,1462,40.02,51
0,1463,40.02,51
0,1464,40.02,51
0,1465,40.02,51
0,1466,55.68,51
0,1467,55.68,51
0,1468,55.68,51
0,1469,55.68,51
0,1470,55.68,51
0,1471,55.68,51
0,1472,55.68,51
0,1473,55.68,51
0,1474,55.68,51
0,1475,55.68,51
0,1476,55.68,51
0,1477,55.68,52
0,1478,55.68,51
0,1479,55.68,51
0,1480,55.68,51
0,1481,55.68,51
0,1482,48.87,51
0,1483,48.87,51
0,1484,48.87,51
0,1485,45.12,51
0,1486,65.78,51
0,1487,65.78,51
0,1488,65.78,51
0,1489,65.78,51
0,1490,65.78,49
0,1491,65.78,49
0,1492,65.78,49
0,1493,65.78,49
0,1494,65.78,49
0,1495,65.78,49
0,1496,65.78,49
0,1497,65.78,49
0,1498,65.78,49
0,1499,65.78,49
0,1500,65.78,49
0,1501,65.78,49
0,1502,65.78,49
0,1503,65.78,49
0,1504,65.78,51
0,1505,65.78,49
0,1506,65.78,49
0,1507,65.78,49
0,1508,65.78,49
0,1509,35.5,49
0,1510,36.2,49
0,1511,36.6,49
0,1512,36.1,49
0,1513,38,49
0,1514,35.4,49
0,1515,36.2,49
0,1516,38.2,49
0,1517,38.2,49
0,1518,38.2,49
0,1519,38.2,49
0,1520,38.2,49
0,1521,38.2,49
0,1522,38.2,49
0,1523,38.2,49
0,1524,38.2,49
0,1525,42.56,49
0,1526,42.56,49
0,1527,42.56,49
0,1528,42.48,49
0,1529,42.48,49
0,1530,42.48,49
0,1531,42.48,49
0,1532,42.48,49
0,1533,42.48,49
0,1534,42.48,50
0,1535,42.48,49
0,1536,42.48,49
0,1537,41.96,49
0,1538,41.87,49
0,1539,35.39,49
0,1540,35.39,49
0,1541,35.39,49
0,1542,35.39,49
0,1543,35.39,49
0,1544,35.39,49
0,1545,30.9,49
0,1546,59.1,49
0,1547,59,49
0,1548,60.87,49
0,1549,60.87,49
0,1550,60.87,49
0,1551,60.87,49
0,1552,60.87,49
0,1553,60.87,49
0,1554,60.87,49
0,1555,58.46,49
0,1556,58.46,49
0,1557,58.46,49
0,1558,58.46,49
0,1559,58.46,49
0,1560,58.46,49
0,1561,58.46,49
0,1562,58.46,49
0,1563,58.46,49
0,1564,59.54,49
0,1565,43.53,49
0,1566,43.53,49
0,1567,43.53,49
0,1568,76.85,49
0,1569,76.85,49
0,1570,76.85,49
0,1571,76.85,49
0,1572,56.36,49
0,1573,56.36,49
0,1574,56.36,49
0,1575,56.36,49
0,1576,56.36,49
0,1577,56.36,49
0,1578,76,49
0,1579,76,49
0,1580,76,49
0,1581,45.16,49
0,1582,45.16,49
0,1583,45.16,49
0,1584,45.16,49
0,1585,47,49
0,1586,47.56,49
0,1587,75.58,49
0,1588,35.5,49
0,1589,36.2,49
0,1590,36.6,49
0,1591,36.1,49
0,1592,38,49
0,1593,35.4,49
0,1594,36.2,49
0,1595,38.2,49
0,1596,38.2,49
0,1597,38.2,49
0,1598,38.2,49
0,1599,38.2,49
0,1600,38.2,49
0,1601,38.2,49
0,1602,38.2,49
0,1603,38.2,49
0,1604,38.2,49
0,1605,38.2,49
0,1606,38.2,49
0,1607,38.2,49
0,1608,38.2,49
0,1609,38.2,49
0,1610,38.2,49
0,1611,38.2,49
0,1612,38.2,49
0,1613,38.2,49
0,1614,38.2,50
0,1615,38.2,49
0,1616,38.2,49
0,1617,38.2,49
0,1618,38.2,49
0,1619,38.2,49
0,1620,38.2,49
0,1621,38.2,49
0,1622,38.2,49
0,1623,38.2,49
0,1624,38.2,49
0,1625,38.2,49
0,1626,38.2,49
0,1627,38.2,49
0,1628,38.2,50
0,1629,35.5,49
0,1630,36.2,49
0,1631,36.6,49
0,1632,36.1,49
0,1633,38,49
0,1634,35.4,49
0,1635,36.2,49
0,1636,38.2,49
0,1637,38.2,49
0,1638,38.2,49
0,1639,38.2,49
0,1640,38.2,49
0,1641,40.02,49
0,1642,40.02,49
0,1643,40.02,49
0,1644,40.02,49
0,1645,40.02,49
0,1646,40.02,49
0,1647,40.02,49
0,1648,55.68,49
0,1649,55.68,49
0,1650,55.68,49
0,1651,55.68,49
0,1652,55.68,49
0,1653,55.68,49
0,1654,55.68,49
0,1655,55.68,49
0,1656,55.68,49
0,1657,55.68,49
0,1658,55.68,49
0,1659,55.68,49
0,1660,55.68,49
0,1661,55.68,49
0,1662,55.68,49
0,1663,55.68,49
0,1664,48.87,49
0,1665,48.87,49
0,1666,48.87,49
0,1667,45.12,49
0,1668,65.78,49
0,1669,65.78,49
0,1670,65.78,49
0,1671,65.78,49
0,1672,65.78,49
0,1673,65.78,49
0,1674,65.78,49
0,1675,65.78,49
0,1676,65.78,49
0,1677,65.78,49
0,1678,65.78,49
0,1679,65.78,49
0,1680,65.78,49
0,1681,65.78,49
0,1682,65.78,49
0,1683,65.78,49
0,1684,65.78,49
0,1685,65.78,49
0,1686,65.78,49
0,1687,65.78,49
0,1688,65.78,49
0,1689,65.78,49
0,1690,65.78,49
0,1691,35.5,49
0,1692,36.2,49
0,1693,36.6,49
0,1694,36.1,49
0,1695,38,49
0,1696,35.4,49
0,1697,36.2,49
0,1698,38.2,49
0,1699,38.2,49
0,1700,38.2,49
0,1701,38.2,49
0,1702,38.2,49
0,1703,38.2,49
0,1704,38.2,49
0,1705,38.2,49
0,1706,38.2,49
0,1707,42.56,49
0,1708,42.56,49
0,1709,42.56,49
0,1710,42.48,49
0,1711,42.48,49
0,1712,42.48,49
0,1713,42.48,49
0,1714,42.48,49
0,1715,42.48,49
0,1716,42.48,49
0,1717,42.48,49
0,1718,42.48,49
0,1719,41.96,49
0,1720,41.87,49
0,1721,35.39,49
0,1722,35.39,49
0,1723,35.39,49
0,1724,35.39,49
0,1725,35.39,49
0,1726,35.39,49
0,1727,30.9,49
0,1728,59.1,49
0,1729,59,49
0,1730,60.87,52
0,1731,60.87,49
0,1732,60.87,49
0,1733,60.87,49
0,1734,60.87,49
0,1735,60.87,49
0,1736,60.87,49
0,1737,58.46,49
0,1738,58.46,49
0,1739,58.46,49
0,1740,58.46,49
0,1741,58.46,49
0,1742,58.46,49
0,1743,58.46,49
0,1744,58.46,49
0,1745,58.46,49
0,1746,59.54,49
0,1747,43.53,49
0,1748,43.53,49
0,1749,43.53,49
0,1750,46.85,49
0,1751,46.85,49
0,1752,46.85,49
0,1753,46.85,49
0,1754,56.36,49
0,1755,56.36,49
0,1756,56.36,49
0,1757,56.36,49
0,1758,56.36,49
0,1759,56.36,49
0,1760,46,49
0,1761,46,49
0,1762,46,49
0,1763,45.16,49
0,1764,45.16,49
0,1765,45.16,49
0,1766,45.16,49
0,1767,47,49
0,1768,47.56,49
0,1769,24,49
0,1770,38.2,49
0,1771,38.2,49
0,1772,38.2,49
0,1773,38.2,49
0,1774,38.2,49
0,1775,38.2,49
0,1776,38.2,49
0,1777,38.2,49
0,1778,38.2,49
0,1779,38.2,49
0,1780,38.2,49
0,1781,38.2,49
0,1782,38.2,49
0,1783,38.2,49
0,1784,38.2,52
0,1785,38.2,49
0,1786,38.2,49
0,1787,38.2,49
0,1788,38.2,49
0,1789,38.2,49
0,1790,38.2,49
0,1791,38.2,49
0,1792,38.2,49
0,1793,35.5,49
0,1794,36.2,49
0,1795,36.6,49
0,1796,36.1,49
0,1797,38,49
0,1798,35.4,49
0,1799,36.2,49
0,1800,38.2,49
0,1801,38.2,49
0,1802,38.2,49
0,1803,38.2,49
0,1804,38.2,49
0,1805,40.02,49
0,1806,40.02,49
0,1807,40.02,49
0,1808,40.02,49
0,1809,40.02,49
0,1810,40.02,49
0,1811,40.02,49
0,1812,55.68,49
0,1813,55.68,49
2,1814,55.68,49
2,1815,55.68,49
2,1816,55.68,49
2,1817,55.68,49
2,1818,55.68,49
2,1819,55.68,49
2,1820,55.68,49
2,1821,55.68,49
2,1822,55.68,49
2,1823,55.68,49
2,1824,55.68,49
2,1825,55.68,49
2,1826,55.68,49
2,1827,55.68,49
2,1828,48.87,49
2,1829,48.87,49
2,1830,48.87,49
2,1831,45.12,49
2,1832,65.78,49
2,1833,65.78,49
2,1834,65.78,49
2,1835,65.78,49
2,1836,65.78,49
2,1837,65.78,49
2,1838,65.78,49
2,1839,65.78,49
2,1840,65.78,49
2,1841,65.78,49
2,1842,65.78,49
2,1843,65.78,49
2,1844,65.78,49
2,1845,65.78,49
2,1846,65.78,49
2,1847,65.78,49
2,1848,65.78,49
2,1849,65.78,49
2,1850,65.78,74
2,1851,65.78,74
2,1852,65.78,74
2,1853,65.78,74
2,1854,65.78,74
12,1855,35.5,74
3,1856,36.2,74
5,1857,36.6,74
19,1858,36.1,74
2,1859,38,74
4,1860,35.4,74
3,1861,36.2,74
2,1862,38.2,74
10,1863,38.2,74
6,1864,38.2,74
9,1865,38.2,74
8,1866,38.2,74
7,1867,38.2,74
12,1868,38.2,74
3,1869,38.2,74
5,1870,38.2,74
19,1871,42.56,74
2,1872,42.56,74
4,1873,42.56,74
3,1874,42.48,74
2,1875,42.48,74
10,1876,42.48,74
2,1877,42.48,74
3,1878,42.48,74
2,1879,42.48,74
5,1880,42.48,74
4,1881,42.48,74
7,1882,42.48,74
1,1883,41.96,74
0,1884,41.87,74
2,1885,35.39,74
1,1886,35.39,74
3,1887,35.39,74
4,1888,35.39,74
6,1889,35.39,74
5,1890,35.39,74
4,1891,30.9,74
7,1892,59.1,74
1,1893,59,74
0,1894,38.2,74
2,1895,40,74
1,1896,35.5,74
3,1897,36.2,74
4,1898,36.6,74
6,1899,36.1,74
2,1900,38,74
1,1901,35.4,74
3,1902,36.2,74
4,1903,38.2,74
7,1904,38.2,74
8,1905,38.2,74
10,1906,38.2,74
1,1907,38.2,74
3,1908,40.02,74
2,1909,40.02,74
1,1910,40.02,74
1,1911,40.02,74
2,1912,40.02,74
3,1913,40.02,74
5,1914,40.02,74
4,1915,55.68,74
6,1916,55.68,74
1,1917,55.68,74
2,1918,55.68,74
15,1919,55.68,74
2,1920,55.68,74
3,1921,55.68,74
2,1922,55.68,74
1,1923,55.68,74
3,1924,55.68,74
5,1925,55.68,74
4,1926,55.68,74
6,1927,55.68,74
9,1928,55.68,74
8,1929,55.68,74
7,1930,55.68,74
12,1931,48.87,74
3,1932,48.87,74
5,1933,48.87,74
19,1934,45.12,74
2,1935,65.78,74
4,1936,65.78,74
3,1937,65.78,74
2,1938,65.78,74
10,1939,65.78,74
6,1940,65.78,74
9,1941,65.78,74
8,1942,65.78,74
7,1943,65.78,74
12,1944,65.78,74
3,1945,65.78,74
5,1946,65.78,182
4,1947,65.78,182
6,1948,65.78,182
9,1949,65.78,182
8,1950,65.78,182
7,1951,65.78,182
12,1952,65.78,182
3,1953,65.78,182
5,1954,65.78,182
19,1955,65.78,185
2,1956,65.78,182
4,1957,65.78,182
3,1958,35.5,182
2,1959,36.2,182
10,1960,36.6,182
6,1961,36.1,182
9,1962,38,182
8,1963,35.4,182
7,1964,36.2,173
12,1965,38.2,173
3,1966,38.2,173
5,1967,38.2,173
19,1968,38.2,173
2,1969,38.2,173
4,1970,38.2,173
3,1971,38.2,173
2,1972,38.2,173
10,1973,38.2,173
2,1974,42.56,173
3,1975,42.56,173
2,1976,42.56,173
5,1977,42.48,173
4,1978,42.48,173
7,1979,42.48,173
1,1980,42.48,173
0,1981,42.48,173
2,1982,42.48,173
1,1983,42.48,173
3,1984,42.48,173
4,1985,42.48,173
6,1986,41.96,173
5,1987,41.87,173
4,1988,35.39,173
7,1989,35.39,173
1,1990,35.39,173
0,1991,35.39,173
2,1992,35.39,173
1,1993,35.39,173
3,1994,30.9,173
4,1995,59.1,173
6,1996,59,173
2,1997,60.87,173
1,1998,60.87,173
3,1999,60.87,173
4,2000,60.87,173
7,2001,60.87,173
8,2002,60.87,173
10,2003,60.87,173
1,2004,58.46,173
3,2005,58.46,173
2,2006,58.46,173
1,2007,58.46,173
1,2008,58.46,173
2,2009,58.46,173
3,2010,58.46,173
5,2011,58.46,173
4,2012,58.46,173
6,2013,59.54,173
1,2014,43.53,173
2,2015,43.53,173
15,2016,43.53,173
2,2017,76.85,173
3,2018,76.85,173
2,2019,76.85,173
1,2020,76.85,173
3,2021,56.36,173
5,2022,56.36,173
4,2023,56.36,173
6,2024,56.36,173
9,2025,56.36,173
8,2026,56.36,173
7,2027,76,173
12,2028,76,173
3,2029,76,173
5,2030,45.16,173
19,2031,45.16,173
2,2032,45.16,173
4,2033,45.16,173
3,2034,47,173
2,2035,47.56,173
10,2036,75.58,173
6,2037,35.5,173
9,2038,36.2,173
8,2039,36.6,173
7,2040,36.1,182
12,2041,38,182
12,2042,35.4,182
3,2043,36.2,182
5,2044,38.2,182
19,2045,38.2,182
2,2046,38.2,182
4,2047,38.2,182
3,2048,38.2,182
2,2049,38.2,182
10,2050,38.2,182
6,2051,38.2,182
9,2052,38.2,182
8,2053,38.2,182
7,2054,38.2,182
12,2055,38.2,182
3,2056,38.2,44
5,2057,38.2,44
19,2058,38.2,44
2,2059,38.2,44
4,2060,38.2,44
3,2061,38.2,44
2,2062,38.2,44
10,2063,38.2,44
2,2064,38.2,44
3,2065,38.2,44
2,2066,38.2,44
5,2067,38.2,44
4,2068,38.2,44
7,2069,38.2,44
1,2070,38.2,44
0,2071,38.2,44
2,2072,38.2,44
1,2073,38.2,44
3,2074,38.2,44
4,2075,38.2,44
6,2076,38.2,44
5,2077,38.2,44
4,2078,0,44
7,2079,35.5,44
1,2080,36.2,44
0,2081,36.6,44
2,2082,36.1,44
1,2083,38,44
3,2084,35.4,44
4,2085,36.2,44
6,2086,38.2,44
2,2087,38.2,44
1,2088,38.2,44
3,2089,38.2,44
4,2090,38.2,44
7,2091,40.02,44
8,2092,40.02,44
10,2093,40.02,44
1,2094,40.02,44
3,2095,40.02,44
2,2096,40.02,44
1,2097,40.02,44
1,2098,55.68,44
2,2099,55.68,172
3,2100,55.68,173
5,2101,55.68,175
4,2102,55.68,176
6,2103,55.68,176
1,2104,55.68,176
2,2105,55.68,177
15,2106,55.68,177
2,2107,55.68,177
3,2108,55.68,177
2,2109,55.68,177
1,2110,55.68,177
3,2111,55.68,177
5,2112,55.68,177
4,2113,55.68,177
6,2114,48.87,177
9,2115,48.87,177
8,2116,48.87,177
7,2117,45.12,177
12,2118,65.78,177
3,2119,65.78,177
5,2120,65.78,177
19,2121,65.78,177
2,2122,65.78,177
4,2123,65.78,177
3,2124,65.78,177
2,2125,65.78,177
10,2126,65.78,177
6,2127,65.78,177
9,2128,65.78,177
8,2129,65.78,177
7,2130,65.78,177
12,2131,65.78,177
4,2132,65.78,177
3,2133,65.78,177
2,2134,65.78,177
10,2135,65.78,177
6,2136,65.78,177
9,2137,65.78,177
8,2138,65.78,177
7,2139,65.78,177
12,2140,65.78,177
3,2141,35.5,177
5,2142,36.2,177
4,2143,36.6,177
6,2144,36.1,178
9,2145,38,177
8,2146,35.4,177
7,2147,36.2,177
12,2148,38.2,177
3,2149,38.2,177
5,2150,38.2,177
19,2151,38.2,177
2,2152,38.2,177
4,2153,38.2,177
3,2154,38.2,177
2,2155,38.2,177
10,2156,38.2,177
6,2157,42.56,177
9,2158,42.56,177
8,2159,42.56,177
7,2160,42.48,177
12,2161,42.48,177
3,2162,42.48,177
5,2163,42.48,177
19,2164,42.48,177
2,2165,42.48,177
4,2166,42.48,177
3,2167,42.48,177
2,2168,42.48,177
10,2169,41.96,177
2,2170,41.87,177
3,2171,35.39,177
2,2172,35.39,177
5,2173,35.39,177
4,2174,35.39,177
7,2175,35.39,177
1,2176,35.39,177
0,2177,30.9,177
2,2178,59.1,177
1,2179,59,177
3,2180,60.87,177
4,2181,60.87,177
6,2182,60.87,177
5,2183,60.87,177
4,2184,60.87,177
7,2185,60.87,177
1,2186,60.87,177
0,2187,58.46,177
2,2188,58.46,177
1,2189,58.46,177
3,2190,58.46,177
4,2191,58.46,177
6,2192,58.46,177
2,2193,58.46,177
1,2194,58.46,177
3,2195,58.46,178
4,2196,59.54,177
7,2197,43.53,177
8,2198,43.53,177
10,2199,43.53,177
1,2200,46.85,177
3,2201,46.85,177
2,2202,46.85,177
1,2203,46.85,177
1,2204,56.36,177
2,2205,56.36,177
3,2206,56.36,177
5,2207,56.36,177
4,2208,56.36,177
6,2209,56.36,177
1,2210,46,177
2,2211,46,177
15,2212,46,177
2,2213,45.16,177
3,2214,45.16,177
2,2215,45.16,177
1,2216,45.16,177
3,2217,47,177
5,2218,47.56,180
4,2219,24,179
6,2220,38.2,179
9,2221,38.2,179
8,2222,38.2,177
2,2223,38.2,177
2,2224,38.2,177
2,2225,38.2,177
2,2226,38.2,177
2,2227,38.2,177
2,2228,38.2,177
2,2229,38.2,177
2,2230,38.2,177
2,2231,38.2,177
2,2232,38.2,177
2,2233,38.2,177
2,2234,38.2,177
2,2235,38.2,177
2,2236,38.2,177
2,2237,38.2,177
2,2238,38.2,177
2,2239,38.2,177
2,2240,38.2,177
2,2241,38.2,177
2,2242,38.2,177
2,2243,35.5,238
2,2244,36.2,182
2,2245,36.6,182
2,2246,36.1,182
2,2247,38,182
2,2248,35.4,182
2,2249,36.2,182
2,2250,38.2,182
2,2251,38.2,182
2,2252,38.2,182
2,2253,38.2,182
2,2254,38.2,182
2,2255,40.02,182
2,2256,40.02,182
2,2257,40.02,182
2,2258,40.02,182
2,2259,40.02,182
2,2260,40.02,182
2,2261,40.02,182
2,2262,55.68,182
2,2263,55.68,182
2,2264,55.68,182
2,2265,55.68,182
2,2266,55.68,182
2,2267,55.68,182
2,2268,55.68,182
2,2269,55.68,182
2,2270,55.68,182
2,2271,55.68,182
2,2272,55.68,182
2,2273,55.68,182
2,2274,55.68,182
2,2275,55.68,182
2,2276,55.68,182
2,2277,55.68,182
2,2278,48.87,182
2,2279,48.87,182
2,2280,48.87,182
2,2281,45.12,185
2,2282,65.78,182
2,2283,65.78,182
2,2284,65.78,182
2,2285,65.78,182
2,2286,65.78,182
2,2287,65.78,182
2,2288,65.78,182
2,2289,65.78,182
2,2290,65.78,182
2,2291,65.78,182
2,2292,65.78,182
2,2293,65.78,182
2,2294,65.78,182
2,2295,65.78,182
2,2296,65.78,182
2,2297,65.78,182
2,2298,65.78,182
2,2299,65.78,182
2,2300,65.78,182
2,2301,65.78,182
2,2302,65.78,182
2,2303,65.78,182
2,2304,65.78,182
2,2305,35.5,182
2,2306,36.2,182
2,2307,36.6,182
2,2308,36.1,182
2,2309,38,182
2,2310,35.4,182
2,2311,36.2,182
2,2312,38.2,182
2,2313,38.2,182
2,2314,38.2,185
2,2315,38.2,182
2,2316,38.2,182
2,2317,38.2,182
2,2318,38.2,182
2,2319,38.2,182
2,2320,38.2,182
2,2321,42.56,182
2,2322,42.56,182
2,2323,42.56,182
2,2324,42.48,182
2,2325,42.48,182
2,2326,42.48,182
2,2327,42.48,182
2,2328,42.48,182
2,2329,42.48,182
2,2330,42.48,182
2,2331,42.48,182
2,2332,42.48,182
2,2333,41.96,182
2,2334,41.87,182
2,2335,35.39,182
2,2336,35.39,182
2,2337,35.39,182
2,2338,35.39,182
2,2339,35.39,182
2,2340,35.39,182
2,2341,30.9,182
2,2342,59.1,182
2,2343,59,182
2,2344,60.87,182
2,2345,60.87,182
2,2346,60.87,182
2,2347,60.87,182
2,2348,60.87,182
2,2349,60.87,182
2,2350,60.87,182
2,2351,58.46,182
2,2352,58.46,182
2,2353,58.46,182
2,2354,58.46,182
2,2355,58.46,182
2,2356,58.46,182
2,2357,58.46,182
2,2358,58.46,182
2,2359,58.46,182
2,2360,59.54,182
2,2361,43.53,182
2,2362,43.53,182
2,2363,38.2,182
2,2364,38.2,182
2,2365,38.2,182
2,2366,38.2,182
2,2367,20,182
2,2368,35.5,182
2,2369,36.2,182
2,2370,36.6,182
2,2371,36.1,182
2,2372,38,182
2,2373,35.4,182
2,2374,36.2,182
2,2375,38.2,182
2,2376,38.2,182
2,2377,38.2,182
2,2378,38.2,182
2,2379,38.2,182
2,2380,40.02,182
2,2381,40.02,182
2,2382,40.02,182
2,2383,40.02,182
2,2384,40.02,182
2,2385,40.02,182
2,2386,40.02,182
2,2387,55.68,182
2,2388,55.68,182
2,2389,55.68,182
2,2390,55.68,182
2,2391,55.68,182
2,2392,55.68,182
2,2393,55.68,182
2,2394,55.68,182
2,2395,55.68,182
2,2396,55.68,182
2,2397,55.68,182
2,2398,55.68,182
2,2399,55.68,182
2,2400,55.68,182
2,2401,55.68,182
2,2402,55.68,182
2,2403,48.87,182
2,2404,48.87,182
2,2405,48.87,182
2,2406,45.12,182
2,2407,65.78,182
2,2408,65.78,182
2,2409,65.78,182
2,2410,65.78,182
2,2411,65.78,182
2,2412,65.78,182
2,2413,65.78,182
2,2414,65.78,182
2,2415,65.78,182
2,2416,65.78,182
2,2417,65.78,182
2,2418,65.78,182
2,2419,65.78,182
2,2420,65.78,182
2,2421,65.78,182
2,2422,65.78,45
2,2423,65.78,54
2,2424,65.78,54
2,2425,65.78,54
2,2426,65.78,54
2,2427,65.78,54
2,2428,65.78,51
2,2429,65.78,57
2,2430,35.5,56
2,2431,36.2,44
2,2432,36.6,44
2,2433,36.1,44
2,2434,38,44
2,2435,35.4,44
2,2436,36.2,44
2,2437,38.2,44
2,2438,38.2,44
2,2439,38.2,44
2,2440,38.2,44
2,2441,38.2,44
2,2442,38.2,44
2,2443,38.2,44
2,2444,38.2,44
2,2445,38.2,44
2,2446,42.56,44
2,2447,42.56,44
2,2448,42.56,44
2,2449,42.48,44
2,2450,42.48,44
2,2451,42.48,44
2,2452,42.48,44
2,2453,42.48,44
2,2454,42.48,44
2,2455,42.48,44
2,2456,42.48,44
2,2457,42.48,44
2,2458,41.96,44
2,2459,41.87,44
2,2460,35.39,44
2,2461,35.39,44
2,2462,35.39,44
2,2463,35.39,44
2,2464,35.39,44
2,2465,35.39,44
2,2466,30.9,44
2,2467,59.1,44
2,2468,59,44
2,2469,60.87,44
2,2470,60.87,44
2,2471,60.87,44
2,2472,60.87,44
2,2473,60.87,44
2,2474,60.87,44
2,2475,60.87,44
2,2476,58.46,44
2,2477,58.46,44
2,2478,58.46,44
2,2479,58.46,44
2,2480,58.46,44
2,2481,58.46,44
2,2482,58.46,44
2,2483,58.46,44
2,2484,58.46,44
2,2485,59.54,44
2,2486,43.53,44
2,2487,43.53,44
2,2488,43.53,44
2,2489,76.85,44
2,2490,76.85,44
2,2491,76.85,44
2,2492,76.85,44
2,2493,56.36,44
2,2494,56.36,44
2,2495,56.36,44
2,2496,56.36,51
2,2497,56.36,51
2,2498,56.36,51
2,2499,76,51
2,2500,76,51
2,2501,76,51
2,2502,45.16,51
2,2503,45.16,51
2,2504,45.16,51
2,2505,45.16,51
2,2506,47,51
2,2507,47.56,51
2,2508,75.58,51
2,2509,35.5,52
2,2510,36.2,51
2,2511,36.6,51
2,2512,36.1,51
2,2513,38,51
2,2514,35.4,52
2,2515,36.2,51
2,2516,38.2,51
2,2517,38.2,51
2,2518,38.2,51
2,2519,38.2,51
2,2520,38.2,51
2,2521,38.2,51
2,2522,38.2,51
2,2523,38.2,51
2,2524,38.2,51
2,2525,38.2,51
2,2526,38.2,51
2,2527,38.2,51
2,2528,38.2,51
2,2529,38.2,51
2,2530,38.2,51
2,2531,38.2,51
2,2532,38.2,51
2,2533,38.2,51
2,2534,38.2,51
2,2535,38.2,51
2,2536,38.2,51
2,2537,38.2,51
2,2538,38.2,51
2,2539,38.2,51
2,2540,38.2,51
2,2541,38.2,51
2,2542,38.2,51
2,2543,38.2,51
2,2544,38.2,51
2,2545,38.2,51
2,2546,38.2,51
2,2547,38.2,51
2,2548,38.2,51
2,2549,38.2,51
2,2550,35.5,51
2,2551,36.2,51
2,2552,36.6,51
2,2553,36.1,51
2,2554,38,51
2,2555,35.4,51
2,2556,36.2,51
2,2557,38.2,51
2,2558,38.2,51
2,2559,38.2,51
2,2560,38.2,51
2,2561,38.2,51
2,2562,40.02,51
2,2563,40.02,51
2,2564,40.02,51
2,2565,40.02,51
2,2566,40.02,51
2,2567,40.02,51
2,2568,40.02,51
2,2569,55.68,51
2,2570,55.68,51
2,2571,55.68,51
2,2572,55.68,51
2,2573,55.68,51
2,2574,55.68,51
2,2575,55.68,51
2,2576,55.68,51
2,2577,55.68,51
2,2578,55.68,51
2,2579,55.68,51
2,2580,55.68,51
2,2581,55.68,51
2,2582,55.68,51
2,2583,55.68,51
2,2584,55.68,51
2,2585,48.87,51
2,2586,48.87,51
2,2587,48.87,51
2,2588,45.12,51
2,2589,65.78,51
2,2590,65.78,51
2,2591,65.78,51
2,2592,65.78,51
2,2593,65.78,51
2,2594,65.78,51
2,2595,65.78,51
2,2596,65.78,51
2,2597,65.78,51
2,2598,65.78,51
2,2599,65.78,53
2,2600,65.78,51
2,2601,65.78,51
2,2602,65.78,51
2,2603,65.78,51
2,2604,65.78,51
2,2605,65.78,51
2,2606,65.78,51
2,2607,65.78,51
2,2608,65.78,51
2,2609,65.78,51
2,2610,65.78,51
2,2611,65.78,51
2,2612,35.5,51
2,2613,36.2,51
2,2614,36.6,51
2,2615,36.1,51
2,2616,38,51
2,2617,35.4,51
2,2618,36.2,51
2,2619,38.2,51
2,2620,38.2,51
2,2621,38.2,51
2,2622,38.2,51
2,2623,38.2,51
2,2624,38.2,51
2,2625,38.2,51
2,2626,38.2,51
2,2627,38.2,51
2,2628,42.56,51
2,2629,42.56,51
2,2630,42.56,51
2,2631,42.48,51
2,2632,42.48,51
2,2633,42.48,51
2,2634,42.48,51
2,2635,42.48,51
2,2636,42.48,51
2,2637,42.48,51
2,2638,42.48,51
2,2639,42.48,51
2,2640,41.96,51
2,2641,41.87,51
2,2642,35.39,51
2,2643,35.39,51
2,2644,35.39,51
2,2645,35.39,51
2,2646,35.39,51
2,2647,35.39,51
2,2648,30.9,51
2,2649,59.1,51
2,2650,59,51
2,2651,60.87,51
2,2652,60.87,51
2,2653,60.87,53
2,2654,60.87,53
2,2655,60.87,51
2,2656,60.87,51
2,2657,60.87,51
2,2658,58.46,51
2,2659,58.46,51
2,2660,58.46,51
2,2661,58.46,51
2,2662,58.46,51
2,2663,58.46,51
2,2664,58.46,51
2,2665,58.46,172
2,2666,58.46,173
2,2667,59.54,175
2,2668,43.53,176
2,2669,43.53,176
2,2670,43.53,176
2,2671,46.85,177
2,2672,46.85,177
2,2673,46.85,177
2,2674,46.85,177
2,2675,56.36,177
2,2676,56.36,177
2,2677,56.36,177
2,2678,56.36,177
2,2679,56.36,177
2,2680,56.36,177
2,2681,46,177
2,2682,46,177
2,2683,46,177
2,2684,45.16,177
2,2685,45.16,177
2,2686,45.16,177
2,2687,45.16,177
2,2688,47,177
2,2689,47.56,177
2,2690,24,177
2,2691,38.2,177
2,2692,38.2,177
2,2693,38.2,177
2,2694,38.2,177
2,2695,38.2,177
2,2696,38.2,177
2,2697,38.2,177
2,2698,38.2,177
2,2699,38.2,177
2,2700,38.2,177
2,2701,38.2,177
2,2702,38.2,177
2,2703,38.2,177
2,2704,38.2,177
2,2705,38.2,177
2,2706,38.2,177
2,2707,38.2,177
2,2708,38.2,177
2,2709,38.2,177
2,2710,38.2,178
2,2711,38.2,177
2,2712,38.2,177
2,2713,38.2,177
2,2714,35.5,177
2,2715,36.2,177
2,2716,36.6,177
2,2717,36.1,177
2,2718,38,177
2,2719,35.4,177
2,2720,36.2,177
2,2721,38.2,177
2,2722,38.2,177
2,2723,38.2,177
2,2724,38.2,177
2,2725,38.2,177
2,2726,40.02,177
2,2727,40.02,177
2,2728,40.02,177
2,2729,40.02,177
2,2730,40.02,177
2,2731,40.02,177
2,2732,40.02,177
2,2733,55.68,177
2,2734,55.68,177
2,2735,55.68,177
2,2736,55.68,177
2,2737,55.68,177
2,2738,55.68,177
2,2739,55.68,177
2,2740,55.68,177
2,2741,55.68,177
2,2742,55.68,177
2,2743,55.68,177
2,2744,55.68,177
2,2745,55.68,177
2,2746,55.68,177
2,2747,55.68,177
2,2748,55.68,177
2,2749,48.87,177
2,2750,48.87,177
2,2751,48.87,177
2,2752,45.12,177
2,2753,65.78,177
2,2754,65.78,177
2,2755,65.78,177
2,2756,65.78,177
2,2757,65.78,177
2,2758,65.78,177
2,2759,65.78,177
2,2760,65.78,177
2,2761,65.78,178
2,2762,65.78,177
2,2763,65.78,177
2,2764,65.78,177
2,2765,65.78,177
2,2766,65.78,177
2,2767,65.78,177
2,2768,65.78,177
2,2769,65.78,177
2,2770,65.78,177
2,2771,65.78,177
2,2772,65.78,177
2,2773,65.78,177
2,2774,65.78,177
2,2775,65.78,177
2,2776,35.5,177
2,2777,36.2,177
2,2778,36.6,177
2,2779,36.1,177
2,2780,38,177
2,2781,35.4,177
2,2782,36.2,177
2,2783,38.2,177
2,2784,38.2,180
2,2785,38.2,179
2,2786,38.2,179
2,2787,38.2,179
2,2788,38.2,177
2,2789,38.2,177
2,2790,38.2,177
2,2791,38.2,177
2,2792,42.56,177
2,2793,42.56,177
2,2794,42.56,177
2,2795,42.48,177
2,2796,42.48,177
2,2797,42.48,177
2,2798,42.48,177
2,2799,42.48,177
2,2800,42.48,177
2,2801,42.48,177
2,2802,42.48,177
2,2803,42.48,177
2,2804,41.96,177
2,2805,41.87,177
2,2806,35.39,177
2,2807,35.39,177
2,2808,35.39,177
2,2809,35.39,238
2,2810,35.39,182
2,2811,35.39,182
2,2812,30.9,182
2,2813,59.1,182
2,2814,59,182
2,2815,60.87,182
2,2816,60.87,182
2,2817,60.87,182
2,2818,60.87,182
2,2819,60.87,182
2,2820,60.87,182
2,2821,60.87,182
2,2822,58.46,182
2,2823,58.46,182
2,2824,58.46,182
2,2825,38.2,182
2,2826,38.2,182
2,2827,50,182
2,2828,35.5,182
2,2829,36.2,182
2,2830,36.6,182
2,2831,36.1,182
2,2832,38,182
2,2833,35.4,182
2,2834,36.2,182
2,2835,38.2,182
2,2836,38.2,182
2,2837,38.2,182
2,2838,38.2,182
2,2839,38.2,182
2,2840,40.02,182
2,2841,40.02,182
2,2842,40.02,182
2,2843,40.02,182
2,2844,40.02,182
2,2845,40.02,182
2,2846,40.02,182
2,2847,55.68,185
2,2848,55.68,182
2,2849,55.68,182
2,2850,55.68,182
2,2851,55.68,182
2,2852,55.68,182
2,2853,55.68,182
2,2854,55.68,182
2,2855,55.68,182
2,2856,55.68,182
2,2857,55.68,182
2,2858,55.68,182
2,2859,55.68,182
2,2860,55.68,182
2,2861,55.68,182
2,2862,55.68,182
2,2863,48.87,182
2,2864,48.87,182
2,2865,48.87,182
2,2866,45.12,182
2,2867,65.78,182
2,2868,65.78,182
2,2869,65.78,182
2,2870,65.78,182
2,2871,65.78,182
2,2872,65.78,182
2,2873,65.78,182
2,2874,65.78,182
2,2875,65.78,182
2,2876,65.78,182
2,2877,65.78,182
2,2878,65.78,182
2,2879,65.78,182
2,2880,65.78,185
2,2881,65.78,182
2,2882,65.78,182
2,2883,65.78,182
2,2884,65.78,182
2,2885,65.78,182
2,2886,65.78,182
2,2887,65.78,182
2,2888,65.78,182
2,2889,65.78,182
2,2890,35.5,182
2,2891,36.2,182
2,2892,36.6,182
2,2893,36.1,182
2,2894,38,182
2,2895,35.4,182
2,2896,36.2,182
17,2897,38.2,182
18,2898,38.2,182
19,2899,38.2,182
20,2900,38.2,182
21,2901,38.2,182
22,2902,38.2,182
23,2903,38.2,182
24,2904,38.2,182
25,2905,38.2,182
26,2906,42.56,182
27,2907,42.56,182
28,2908,42.56,182
18,2909,42.48,182
19,2910,42.48,182
20,2911,42.48,182
21,2912,42.48,182
22,2913,42.48,182
23,2914,42.48,182
24,2915,42.48,182
25,2916,42.48,182
26,2917,42.48,182
27,2918,41.96,182
28,2919,41.87,182
21,2920,35.39,182
22,2921,35.39,182
23,2922,35.39,182
24,2923,35.39,182
25,2924,35.39,182
26,2925,35.39,182
27,2926,30.9,182
28,2927,59.1,182
18,2928,59,182
19,2929,60.87,182
20,2930,60.87,182
21,2931,60.87,182
22,2932,60.87,182
23,2933,60.87,182
24,2934,60.87,182
13,2935,60.87,182
14,2936,58.46,182
15,2937,58.46,182
16,2938,58.46,182
17,2939,58.46,182
18,2940,58.46,182
19,2941,58.46,182
20,2942,58.46,182
21,2943,58.46,182
22,2944,58.46,182
23,2945,59.54,182
24,2946,43.53,182
25,2947,43.53,182
26,2948,43.53,182
27,2949,76.85,182
28,2950,76.85,51
7,2951,76.85,51
7,2952,76.85,51
