time,child,authenticated,staytime
1,5,12,5
2,5,3,5
3,5,5,5
4,6,19,5
5,6,2,5
6,6,4,5
7,6,3,5
8,6,2,5
9,6,10,5
10,6,6,5
11,6,9,5
12,6,8,5
13,6,7,5
14,6,12,5
15,6,3,5
16,6,5,5
17,6,19,5
18,6,2,5
19,6,4,5
20,6,3,5
21,6,2,5
22,6,10,5
23,6,2,5
24,6,3,5
25,6,2,3
26,6,5,3
27,6,4,3
28,6,7,3
29,6,1,3
30,6,0,3
31,6,2,3
32,6,1,3
33,6,3,3
34,6,4,4
35,6,6,4
36,6,5,4
37,6,4,4
38,6,7,4
39,6,1,4
40,6,0,4
41,6,2,4
42,6,1,4
43,6,3,4
44,6,4,4
45,6,6,4
46,6,2,4
47,6,1,4
48,6,3,4
49,6,4,4
50,6,7,4
51,6,8,4
52,6,10,4
53,6,1,4
54,6,3,4
55,6,2,4
56,6,1,8
57,6,1,8
58,6,2,8
59,6,3,8
60,6,5,8
61,6,4,8
62,6,6,8
63,6,1,8
64,6,2,8
65,6,15,8
66,6,2,8
67,6,3,8
68,6,2,8
69,6,1,8
70,6,3,8
71,6,5,8
72,6,4,8
73,6,6,8
74,6,9,8
75,6,8,8
76,6,7,8
77,6,12,8
78,6,3,8
79,6,5,8
80,6,19,8
81,6,2,8
82,6,4,8
83,6,3,8
84,6,2,8
85,6,10,8
86,6,6,8
87,6,9,8
88,6,8,8
89,6,7,8
90,6,12,8
91,6,3,8
92,6,5,8
93,6,4,8
94,6,6,8
95,6,9,8
96,6,8,8
97,6,7,8
98,6,12,8
99,6,3,8
100,6,5,8
101,6,19,8
102,6,2,8
103,6,4,8
104,6,3,6
105,6,2,6
106,6,10,6
107,6,6,6
108,6,9,6
109,6,8,6
110,6,7,6
111,6,12,6
112,6,3,6
113,6,5,6
114,6,19,6
115,6,2,6
116,6,4,8
117,6,3,8
118,6,2,8
119,6,10,8
120,6,2,8
121,6,3,8
122,6,2,8
123,6,5,8
124,6,4,8
125,6,7,8
126,6,1,8
127,6,0,8
128,6,2,0
129,6,1,0
130,6,3,0
131,6,4,0
132,6,6,0
133,6,5,0
134,6,4,0
135,6,7,4
136,6,1,4
137,6,0,4
138,6,2,4
139,6,1,4
140,6,3,4
141,6,4,4
142,6,6,4
143,6,2,4
144,6,1,4
145,6,3,4
146,6,4,4
147,6,7,4
148,6,8,4
149,6,10,4
150,6,1,4
151,6,3,4
152,6,2,4
153,6,1,4
154,6,1,4
155,6,2,4
156,6,3,4
157,6,5,4
158,6,4,4
159,6,6,4
160,6,1,4
161,6,2,4
162,6,15,0
163,6,2,0
164,6,3,0
165,6,2,0
166,6,1,0
167,6,3,0
168,6,5,0
169,6,4,0
170,6,6,0
171,6,9,0
172,6,8,0
173,6,7,0
174,6,12,0
175,6,3,0
176,6,5,0
177,6,19,0
178,6,2,0
179,6,4,0
180,6,3,0
181,6,2,0
182,6,10,0
183,6,6,0
184,6,9,0
185,6,8,0
186,6,7,0
187,6,12,0
188,6,12,0
189,6,3,0
190,6,5,0
191,6,19,0
192,6,2,0
193,6,4,0
194,6,3,0
195,6,2,0
196,6,10,0
197,6,6,0
198,6,9,0
199,6,8,0
200,6,7,0
201,6,12,0
202,6,3,0
203,6,5,0
204,6,19,0
205,6,2,0
206,6,4,0
207,6,3,0
208,6,2,0
209,6,10,0
210,6,2,0
211,6,3,0
212,6,2,0
213,6,5,0
214,6,4,0
215,6,7,3
216,6,1,3
217,6,0,3
218,6,2,3
219,6,1,3
220,6,3,3
221,6,4,3
222,6,6,3
223,6,5,3
224,6,4,3
225,6,7,3
226,6,1,3
227,6,0,3
228,6,2,3
229,6,1,3
230,6,3,3
231,6,4,3
232,6,6,3
233,6,2,3
234,6,1,3
235,6,3,3
236,6,4,3
237,6,7,3
238,6,8,3
239,6,10,3
240,6,1,3
241,6,3,3
242,6,2,3
243,6,1,3
244,6,1,3
245,6,2,3
246,6,3,3
247,6,5,3
248,6,4,3
249,6,6,3
250,6,1,3
251,6,2,3
252,6,15,3
253,6,2,3
254,6,3,3
255,6,2,3
256,6,1,3
257,6,3,3
258,6,5,3
259,6,4,3
260,6,6,3
261,6,9,3
262,6,8,3
263,6,7,3
264,6,12,3
265,6,3,3
266,6,5,3
267,6,19,3
268,6,2,3
269,6,4,3
270,6,3,3
271,6,2,3
272,6,10,3
273,6,6,3
274,6,9,3
275,6,8,3
276,6,7,3
277,6,12,3
278,6,4,3
279,6,3,3
280,6,2,3
281,6,10,3
282,6,6,3
283,6,9,3
284,6,8,3
285,6,7,3
286,6,12,3
287,6,3,3
288,6,5,3
289,6,4,3
290,6,6,3
291,6,9,3
292,6,8,3
293,6,7,3
294,6,12,3
295,6,3,3
296,6,5,3
297,6,19,3
298,6,2,3
299,6,4,3
300,6,3,3
301,6,2,3
302,6,10,3
303,6,6,3
304,6,9,3
305,6,8,3
306,6,7,3
307,6,12,3
308,6,3,3
309,6,5,3
310,6,19,3
311,6,2,3
312,6,4,3
313,6,3,3
314,6,2,3
315,6,10,3
316,6,2,3
317,6,3,3
318,6,2,3
319,6,5,3
320,6,4,3
321,6,7,3
322,6,1,3
323,6,0,3
324,6,2,3
325,6,1,3
326,6,3,3
327,6,4,3
328,6,6,3
329,6,5,3
330,6,4,3
331,6,7,3
332,6,1,3
333,6,0,3
334,6,2,3
335,6,1,3
336,6,3,3
337,6,4,3
338,6,6,3
339,6,2,3
340,6,1,3
341,6,3,3
342,6,4,3
343,6,7,3
344,6,8,3
345,6,10,3
346,6,1,3
347,6,3,3
348,6,2,3
349,6,1,3
350,6,1,3
351,6,2,3
352,6,3,3
353,6,5,3
354,6,4,3
355,6,6,3
356,6,1,3
357,6,2,3
358,6,15,3
359,6,2,3
360,6,3,3
361,6,2,3
362,6,1,3
363,6,3,3
364,6,5,3
365,6,4,3
366,6,6,3
367,6,9,3
368,6,8,3
369,6,7,3
370,6,12,3
371,6,3,3
372,6,5,3
373,6,19,3
374,6,2,3
375,6,4,3
376,6,3,3
377,5,2,3
378,5,10,3
379,6,6,3
380,6,9,3
381,8,8,3
382,8,7,3
383,8,12,3
384,8,12,3
385,8,3,3
386,8,5,3
387,8,19,3
388,8,2,3
389,8,4,3
390,8,3,3
391,8,2,3
392,8,10,3
393,8,6,3
394,8,9,3
395,8,8,3
396,8,7,3
397,8,12,3
398,8,3,3
399,8,5,3
400,8,19,3
401,8,2,3
402,8,4,3
403,8,3,3
404,8,2,3
405,8,10,3
406,8,2,3
407,8,3,3
408,8,2,3
409,8,5,3
410,8,4,3
411,8,7,3
412,8,1,3
413,8,0,3
414,8,2,3
415,8,1,3
416,8,3,3
417,8,4,3
418,8,6,3
419,8,5,3
420,8,4,3
421,8,7,3
422,8,1,3
423,8,0,3
424,8,2,3
425,8,1,3
426,8,3,3
427,8,4,3
428,8,6,3
429,8,2,3
430,8,1,3
431,8,3,3
432,8,4,3
433,8,7,3
434,8,8,3
435,8,10,3
436,8,1,3
437,8,3,3
438,8,2,3
439,8,1,3
440,8,1,3
441,8,2,3
442,8,3,3
443,8,5,3
444,8,4,3
445,8,6,3
446,8,1,3
447,8,2,3
448,8,15,3
449,8,2,3
450,8,3,3
451,8,2,3
452,8,1,3
453,8,3,3
454,8,5,3
455,8,4,3
456,8,6,3
457,8,9,3
458,8,8,3
459,8,7,3
460,8,12,3
461,8,3,3
462,8,5,3
463,8,19,3
464,8,2,3
465,8,4,3
466,8,3,3
467,8,2,3
468,8,10,3
469,8,0,3
470,8,0,3
471,8,0,3
472,8,0,3
473,8,0,3
474,8,0,3
475,8,0,3
476,8,0,3
477,8,0,3
478,8,0,3
479,8,0,3
480,8,0,3
481,8,0,3
482,8,0,3
483,8,0,3
484,8,0,3
485,8,0,3
486,8,0,3
487,8,0,3
488,8,0,3
489,8,0,3
490,8,0,3
491,8,0,3
492,8,0,3
493,8,0,3
494,8,0,3
495,8,0,3
496,8,0,3
497,8,0,3
498,8,0,3
499,8,0,3
500,8,0,3
501,8,0,3
502,8,0,3
503,8,0,3
504,8,0,3
505,8,0,3
506,8,0,3
507,8,0,3
508,8,0,3
509,8,0,3
510,8,0,3
511,8,0,3
512,8,0,3
513,8,0,3
514,8,0,3
515,8,0,3
516,8,0,3
517,8,0,3
518,8,0,3
519,8,0,3
520,8,0,3
521,8,0,3
522,8,0,3
523,8,0,3
524,8,0,3
525,8,0,3
526,8,0,3
527,8,0,3
528,8,0,3
529,8,0,3
530,8,0,3
531,8,0,3
532,8,0,3
533,8,0,3
534,8,0,3
535,8,0,3
536,8,0,3
537,8,0,3
538,8,0,3
539,8,0,3
540,8,0,3
541,8,0,3
542,8,0,3
543,8,0,3
544,8,0,3
545,8,0,3
546,8,0,3
547,8,1,3
548,8,2,3
549,8,5,3
550,8,7,3
551,8,4,3
552,8,3,3
553,8,2,3
554,8,10,3
555,8,6,3
556,8,9,3
557,8,8,3
558,8,7,3
559,8,12,3
560,8,3,3
561,8,5,3
562,8,19,3
563,8,2,3
564,8,4,3
565,8,3,3
566,8,2,3
567,8,10,3
568,8,2,3
569,8,3,3
570,8,2,3
571,8,5,3
572,8,4,2
573,8,7,2
574,8,1,2
575,8,0,2
576,8,2,2
577,8,1,2
578,8,3,2
579,8,4,2
580,8,6,2
581,8,5,2
582,8,4,2
583,8,7,2
584,8,1,2
585,8,0,2
586,8,2,2
587,8,1,2
588,8,3,2
589,8,4,2
590,8,6,2
591,8,2,2
592,8,1,2
593,8,3,2
594,8,4,2
595,8,7,2
596,8,8,2
597,8,10,2
598,8,1,2
599,8,3,2
600,8,2,2
601,8,1,2
602,8,1,2
603,8,2,2
604,8,3,2
605,8,5,2
606,5,4,2
607,6,6,2
608,8,1,2
609,12,2,2
610,12,15,2
611,12,2,2
612,12,3,2
613,12,2,2
614,12,1,2
615,12,3,2
616,12,5,2
617,12,4,2
618,12,6,2
619,12,9,2
620,12,8,2
621,12,7,2
622,12,12,2
623,12,3,2
624,12,5,2
625,12,19,2
626,12,2,2
627,12,4,2
628,12,3,2
629,12,2,2
630,12,10,2
631,12,6,2
632,12,9,2
633,12,8,2
634,12,7,2
635,12,12,2
636,12,3,2
637,12,5,2
638,12,4,2
639,12,6,2
640,12,9,2
641,12,8,2
642,12,7,2
643,12,12,2
644,12,3,2
645,12,5,2
646,12,19,2
647,12,2,2
648,12,4,2
649,12,3,2
650,12,4,2
651,12,3,2
652,12,2,2
653,12,10,2
654,12,6,2
655,12,9,2
656,12,8,2
657,12,7,2
658,12,12,2
659,12,3,2
660,12,5,2
661,12,19,2
662,12,2,2
663,12,4,2
664,12,3,2
665,12,2,2
666,12,10,2
667,12,2,2
668,12,3,2
669,12,2,2
670,12,5,2
671,12,4,2
672,12,7,2
673,12,1,2
674,12,0,2
675,12,2,2
676,12,1,2
677,12,3,2
678,12,4,2
679,12,6,2
680,12,5,2
681,12,4,2
682,12,7,2
683,12,1,2
684,12,0,2
685,12,2,2
686,12,1,2
687,12,3,2
688,12,4,2
689,12,6,2
690,12,2,2
691,12,1,2
692,12,3,2
693,12,4,2
694,12,7,2
695,12,8,2
696,12,10,9
697,12,1,4
698,12,3,4
699,12,2,4
700,12,1,4
701,12,1,4
702,12,2,4
703,12,3,4
704,12,5,4
705,12,4,4
706,12,6,4
707,12,1,4
708,12,2,4
709,12,15,4
710,12,2,4
711,12,3,4
712,12,2,4
713,12,1,4
714,12,3,4
715,12,5,4
716,12,4,4
717,12,6,4
718,12,9,4
719,12,8,4
720,12,7,4
721,12,12,4
722,12,3,4
723,12,5,4
724,12,19,4
725,12,2,4
726,12,4,4
727,12,3,4
728,12,2,4
729,12,10,4
730,12,6,4
731,12,9,4
732,12,8,4
733,12,7,4
734,12,12,4
735,12,3,4
736,12,5,10
737,12,4,10
738,12,6,10
739,12,9,10
740,12,8,10
741,12,7,10
742,12,12,10
743,12,3,10
744,12,5,10
745,12,19,10
746,12,2,10
747,12,4,10
748,12,3,10
749,12,0,9
750,12,0,9
751,12,0,9
752,12,0,9
753,12,0,9
754,12,0,9
755,12,0,9
756,12,0,9
757,12,0,9
758,12,0,9
759,12,0,9
760,12,0,9
761,12,0,9
762,12,0,9
763,12,0,9
764,12,0,9
765,12,0,9
766,12,0,9
767,12,0,9
768,12,0,9
769,12,0,9
770,12,0,9
771,12,0,9
772,12,0,9
773,12,0,9
774,12,0,9
775,12,0,9
776,12,0,9
777,12,0,9
778,12,0,9
779,12,0,9
780,12,0,9
781,12,0,9
782,12,0,9
783,12,0,9
784,12,0,9
785,12,0,9
786,12,0,9
787,12,0,9
788,12,0,9
789,12,0,9
790,12,0,9
791,12,0,9
792,12,0,9
793,12,0,9
794,12,0,9
795,12,0,9
796,12,0,9
797,12,0,9
798,12,0,9
799,12,0,9
800,12,0,9
801,12,0,9
802,12,0,9
803,12,0,9
804,12,0,9
805,12,0,9
806,12,0,9
807,12,0,9
808,12,0,9
809,12,0,9
810,12,0,9
811,12,0,9
812,12,0,9
813,12,0,9
814,12,0,9
815,12,0,9
816,12,0,9
817,12,0,9
818,12,0,9
819,12,0,9
820,12,0,9
821,12,0,9
822,12,0,9
823,12,0,9
824,12,0,9
825,12,0,9
826,12,0,9
827,12,0,9
828,12,0,9
829,12,0,9
830,12,0,9
831,12,0,9
832,12,0,9
833,12,0,9
834,12,0,9
835,12,0,9
836,12,0,9
837,12,0,9
838,12,0,9
839,12,0,9
840,12,0,9
841,12,0,9
842,12,0,9
843,12,0,9
844,12,0,9
845,12,0,9
846,12,0,9
847,12,0,9
848,12,0,9
849,12,0,9
850,12,0,9
851,12,0,9
852,12,0,9
853,12,0,9
854,12,0,9
855,12,0,9
856,12,0,9
857,12,0,9
858,12,0,9
859,12,0,9
860,12,0,9
861,12,0,9
862,12,0,9
863,12,0,9
864,12,0,9
865,12,0,9
866,12,0,9
867,12,0,9
868,12,0,9
869,12,0,9
870,12,0,9
871,12,0,9
872,12,0,9
873,12,0,9
874,12,0,9
875,12,0,9
876,12,0,9
877,12,0,9
878,12,0,9
879,12,0,9
880,12,0,9
881,12,0,9
882,12,0,9
883,12,0,9
884,12,0,9
885,12,0,9
886,12,0,9
887,12,0,9
888,12,0,9
889,12,0,9
890,12,0,9
891,12,0,9
892,12,0,9
893,12,0,9
894,12,0,9
895,12,0,9
896,12,0,9
897,12,0,9
898,12,0,9
899,12,0,9
900,12,0,9
901,12,0,9
902,12,0,9
903,12,0,9
904,12,0,9
905,12,0,9
906,12,0,9
907,12,0,9
908,12,0,9
909,12,0,9
910,12,0,9
911,12,0,9
912,11,0,9
913,10,0,9
914,10,0,9
915,10,0,9
916,5,0,9
917,20,0,9
918,20,0,9
919,20,0,9
920,20,0,9
921,20,0,9
922,20,0,9
923,20,0,9
924,20,0,9
925,20,0,9
926,20,0,9
927,20,0,9
928,20,0,9
929,20,0,9
930,20,0,9
931,20,0,9
932,20,0,9
933,20,0,9
934,20,0,9
935,20,0,9
936,20,0,9
937,20,0,9
938,20,0,9
939,20,0,9
940,20,0,9
941,20,0,9
942,20,0,9
943,20,0,9
944,20,0,9
945,20,0,9
946,20,0,9
947,20,0,9
948,20,0,9
949,20,0,9
950,20,0,9
951,20,0,9
952,20,0,9
953,20,0,9
954,20,0,9
955,20,0,9
956,20,0,9
957,20,0,9
958,20,0,9
959,20,0,9
960,20,0,9
961,20,0,9
962,20,0,9
963,20,0,9
964,20,0,9
965,20,0,9
966,20,0,9
967,20,0,9
968,20,0,9
969,20,0,9
970,20,0,9
971,20,0,9
972,20,0,9
973,20,0,9
974,20,0,9
975,20,0,9
976,20,0,9
977,20,0,9
978,20,0,9
979,20,0,9
980,20,0,9
981,20,0,9
982,20,0,9
983,20,0,9
984,20,0,9
985,20,0,9
986,20,0,9
987,20,0,9
988,20,0,9
989,20,0,9
990,20,0,9
991,20,0,9
992,20,0,9
993,20,0,9
994,20,0,9
995,20,0,9
996,20,0,0
997,20,0,0
998,20,0,0
999,20,0,0
1000,20,0,0
1001,20,0,0
1002,20,0,0
1003,20,0,0
1004,20,0,0
1005,20,0,0
1006,20,0,0
1007,20,0,0
1008,20,0,0
1009,20,0,0
1010,20,0,0
1011,20,0,0
1012,20,0,0
1013,20,0,0
1014,20,0,0
1015,20,0,0
1016,20,0,0
1017,20,0,0
1018,20,0,0
1019,20,0,0
1020,20,0,0
1021,20,0,0
1022,20,0,0
1023,20,0,0
1024,20,0,0
1025,20,0,0
1026,20,0,0
1027,20,0,0
1028,20,0,0
1029,20,0,0
1030,20,0,0
1031,20,0,0
1032,20,0,0
1033,20,0,0
1034,20,0,0
1035,20,0,0
1036,20,0,0
1037,20,0,0
1038,20,0,0
1039,20,0,0
1040,20,0,0
1041,20,0,0
1042,20,0,0
1043,20,0,0
1044,20,0,0
1045,20,0,0
1046,20,0,0
1047,20,0,0
1048,20,0,0
1049,20,0,0
1050,20,0,0
1051,20,0,0
1052,20,0,0
1053,20,0,0
1054,20,0,0
1055,20,0,0
1056,20,0,0
1057,20,0,0
1058,20,0,0
1059,20,0,0
1060,20,0,0
1061,20,0,0
1062,20,0,0
1063,20,0,0
1064,20,0,0
1065,20,0,0
1066,20,0,0
1067,20,0,0
1068,20,0,0
1069,20,0,0
1070,20,0,0
1071,20,0,0
1072,20,0,0
1073,20,0,0
1074,20,0,0
1075,20,0,0
1076,20,0,0
1077,20,0,0
1078,20,0,0
1079,20,0,0
1080,20,0,0
1081,20,0,0
1082,20,0,0
1083,20,0,0
1084,20,0,0
1085,20,0,0
1086,20,0,0
1087,20,0,0
1088,20,0,0
1089,20,0,0
1090,20,0,0
1091,20,0,0
1092,20,0,0
1093,20,0,0
1094,20,0,0
1095,20,0,0
1096,20,0,0
1097,20,0,0
1098,20,0,0
1099,20,0,0
1100,20,0,0
1101,20,0,0
1102,20,0,0
1103,20,0,0
1104,20,0,0
1105,20,0,0
1106,20,0,0
1107,20,0,0
1108,20,0,0
1109,20,0,0
1110,20,0,0
1111,20,0,0
1112,20,0,0
1113,20,0,0
1114,20,0,0
1115,20,0,0
1116,20,0,0
1117,20,0,0
1118,20,0,0
1119,20,0,0
1120,20,0,0
1121,20,0,0
1122,20,0,0
1123,20,0,0
1124,20,0,0
1125,20,0,0
1126,20,0,0
1127,20,0,0
1128,20,0,0
1129,20,0,0
1130,20,0,0
1131,20,0,0
1132,20,0,0
1133,20,0,0
1134,20,0,0
1135,20,0,0
1136,20,0,0
1137,20,0,0
1138,20,0,0
1139,20,0,0
1140,20,0,0
1141,20,0,0
1142,20,0,0
1143,20,0,0
1144,20,0,0
1145,20,0,0
1146,20,0,0
1147,20,0,0
1148,20,0,0
1149,20,0,0
1150,20,0,0
1151,20,0,0
1152,20,0,0
1153,20,0,0
1154,20,0,0
1155,20,0,0
1156,20,0,0
1157,20,0,0
1158,20,0,0
1159,20,0,0
1160,20,0,0
1161,20,0,0
1162,20,0,0
1163,20,0,0
1164,20,0,0
1165,20,0,0
1166,20,0,0
1167,20,0,0
1168,20,0,0
1169,20,0,0
1170,20,0,0
1171,20,0,0
1172,20,0,0
1173,20,0,0
1174,20,0,0
1175,20,0,0
1176,20,0,0
1177,20,0,0
1178,20,0,0
1179,20,0,0
1180,20,0,0
1181,20,0,0
1182,20,0,0
1183,20,0,0
1184,20,0,0
1185,20,0,0
1186,20,0,0
1187,20,0,0
1188,20,0,0
1189,20,0,0
1190,20,0,0
1191,20,0,0
1192,20,0,0
1193,20,0,0
1194,20,0,0
1195,20,0,0
1196,20,0,0
1197,20,0,0
1198,20,0,0
1199,20,0,0
1200,20,0,0
1201,20,0,0
1202,20,0,0
1203,20,0,0
1204,20,0,0
1205,20,0,0
1206,20,0,0
1207,20,0,0
1208,20,0,0
1209,20,0,0
1210,20,0,0
1211,20,0,0
1212,20,0,0
1213,20,0,0
1214,20,0,0
1215,20,0,0
1216,20,0,0
1217,20,0,0
1218,20,0,0
1219,20,0,0
1220,20,0,0
1221,19,0,0
1222,18,0,0
1223,17,0,0
1224,16,0,0
1225,15,0,0
1226,14,0,0
1227,13,0,0
1228,30,0,0
1229,30,0,0
1230,30,0,0
1231,30,0,0
1232,30,0,0
1233,30,0,0
1234,30,0,0
1235,30,0,7
1236,30,0,7
1237,30,0,7
1238,30,0,7
1239,30,0,7
1240,30,0,7
1241,30,0,7
1242,30,0,7
1243,30,0,7
1244,30,0,7
1245,30,0,7
1246,30,0,7
1247,30,0,7
1248,30,0,7
1249,30,0,7
1250,30,0,7
1251,30,0,7
1252,30,0,7
1253,30,0,7
1254,30,0,7
1255,30,0,7
1256,30,0,7
1257,30,0,7
1258,30,0,7
1259,30,0,7
1260,30,0,7
1261,30,0,7
1262,30,0,7
1263,30,0,7
1264,30,0,7
1265,30,0,7
1266,30,0,7
1267,30,0,7
1268,30,0,7
1269,30,0,7
1270,30,0,7
1271,30,0,7
1272,30,0,7
1273,30,0,7
1274,30,0,7
1275,30,0,7
1276,30,0,7
1277,30,0,7
1278,30,0,7
1279,30,0,7
1280,30,0,7
1281,30,0,7
1282,30,0,7
1283,30,0,7
1284,30,0,7
1285,30,0,7
1286,30,0,7
1287,30,0,7
1288,30,0,7
1289,30,0,7
1290,30,0,7
1291,30,0,7
1292,30,0,7
1293,30,0,7
1294,30,0,7
1295,30,0,7
1296,30,0,7
1297,30,0,7
1298,30,0,7
1299,30,0,7
1300,30,0,7
1301,30,0,7
1302,30,0,7
1303,30,0,7
1304,30,0,7
1305,30,0,7
1306,30,0,7
1307,30,0,7
1308,30,0,7
1309,30,0,7
1310,30,0,7
1311,30,0,7
1312,30,0,7
1313,30,0,7
1314,30,0,7
1315,30,0,7
1316,30,0,7
1317,30,0,7
1318,30,0,7
1319,30,0,7
1320,30,0,7
1321,30,0,7
1322,30,0,7
1323,30,0,7
1324,30,0,7
1325,30,0,7
1326,30,0,7
1327,30,0,7
1328,30,0,7
1329,30,0,7
1330,30,0,7
1331,30,0,7
1332,30,0,7
1333,30,0,7
1334,30,0,7
1335,30,0,7
1336,30,0,7
1337,30,0,7
1338,30,0,7
1339,30,0,7
1340,30,0,7
1341,30,0,7
1342,30,0,7
1343,30,0,7
1344,30,0,7
1345,30,0,7
1346,30,0,7
1347,30,0,7
1348,30,0,7
1349,30,0,7
1350,30,0,7
1351,30,0,7
1352,30,0,7
1353,30,0,7
1354,30,0,7
1355,30,0,7
1356,30,0,7
1357,30,0,7
1358,30,0,7
1359,30,0,7
1360,30,0,7
1361,30,0,7
1362,30,0,7
1363,30,0,7
1364,30,0,7
1365,30,0,7
1366,30,0,7
1367,30,0,7
1368,30,0,7
1369,30,0,7
1370,30,0,7
1371,30,0,7
1372,30,0,7
1373,30,0,7
1374,30,0,7
1375,30,0,7
1376,30,0,7
1377,30,0,7
1378,30,0,7
1379,30,0,7
1380,30,0,7
1381,30,0,7
1382,30,0,7
1383,30,0,7
1384,30,0,7
1385,30,0,7
1386,30,0,7
1387,30,0,7
1388,30,0,7
1389,30,0,7
1390,30,0,7
1391,30,0,7
1392,30,0,7
1393,30,0,7
1394,30,0,7
1395,30,0,7
1396,30,0,1
1397,30,0,1
1398,30,0,1
1399,30,0,1
1400,30,0,1
1401,30,0,1
1402,30,0,1
1403,30,0,1
1404,30,0,1
1405,30,0,1
1406,30,0,1
1407,30,2,1
1408,30,2,1
1409,30,2,1
1410,30,2,1
1411,30,2,1
1412,30,2,1
1413,30,2,1
1414,30,2,1
1415,30,2,1
1416,30,2,0
1417,30,2,0
1418,30,2,0
1419,30,2,0
1420,30,2,0
1421,30,2,0
1422,30,2,0
1423,30,2,0
1424,30,2,0
1425,30,2,0
1426,30,2,0
1427,30,2,0
1428,30,2,0
1429,30,2,0
1430,30,2,0
1431,30,2,0
1432,30,2,0
1433,30,2,0
1434,30,2,0
1435,30,2,0
1436,30,2,0
1437,30,2,0
1438,30,2,0
1439,30,2,0
1440,30,2,0
1441,30,2,0
1442,30,2,0
1443,30,2,0
1444,30,2,0
1445,30,2,0
1446,30,2,0
1447,30,2,0
1448,30,12,0
1449,30,3,0
1450,30,5,0
1451,30,19,0
1452,30,2,0
1453,30,4,0
1454,30,3,0
1455,30,2,0
1456,30,10,0
1457,30,6,0
1458,30,9,0
1459,30,8,0
1460,30,7,0
1461,30,12,0
1462,30,3,0
1463,30,5,0
1464,30,19,0
1465,30,2,0
1466,30,4,0
1467,30,3,0
1468,30,2,0
1469,30,10,0
1470,30,2,0
1471,30,3,0
1472,30,2,0
1473,30,5,0
1474,30,4,0
1475,30,7,0
1476,30,1,0
1477,30,0,0
1478,30,2,0
1479,30,1,0
1480,30,3,0
1481,30,4,0
1482,30,6,0
1483,30,5,0
1484,30,4,0
1485,30,7,0
1486,30,1,0
1487,30,0,0
1488,30,2,0
1489,30,1,0
1490,30,3,0
1491,30,4,0
1492,30,6,0
1493,30,2,0
1494,30,1,0
1495,30,3,0
1496,30,4,0
1497,30,7,0
1498,30,8,0
1499,30,10,0
1500,30,1,0
1501,30,3,0
1502,25,2,0
1503,24,1,0
1504,22,1,0
1505,20,2,0
1506,19,3,0
1507,18,5,0
1508,17,4,0
1509,16,6,0
1510,10,1,0
1511,10,2,0
1512,10,15,0
1513,10,2,0
1514,10,3,0
1515,10,2,0
1516,10,1,0
1517,10,3,0
1518,10,5,0
1519,10,4,0
1520,10,6,0
1521,10,9,0
1522,10,8,0
1523,10,7,0
1524,10,12,0
1525,10,3,0
1526,10,5,0
1527,10,19,0
1528,10,2,0
1529,10,4,0
1530,10,3,0
1531,10,2,0
1532,10,10,0
1533,10,6,0
1534,10,9,0
1535,10,8,0
1536,10,7,0
1537,10,12,0
1538,10,3,0
1539,10,5,0
1540,10,4,0
1541,10,6,0
1542,10,9,0
1543,10,8,0
1544,10,7,0
1545,10,12,0
1546,10,3,0
1547,10,5,0
1548,10,19,0
1549,10,2,0
1550,10,4,0
1551,10,3,0
1552,10,2,0
1553,10,10,0
1554,10,6,0
1555,10,9,0
1556,10,8,0
1557,10,7,0
1558,10,12,0
1559,10,3,0
1560,10,5,0
1561,10,19,0
1562,10,2,0
1563,10,4,0
1564,10,3,0
1565,10,2,0
1566,10,10,0
1567,10,2,0
1568,10,3,0
1569,10,2,0
1570,12,5,0
1571,20,4,0
1572,36,7,0
1573,68,1,0
1574,68,0,0
1575,67,2,0
1576,66,1,0
1577,65,3,0
1578,64,4,0
1579,63,6,0
1580,62,5,0
1581,61,4,0
1582,60,7,0
1583,60,1,3
1584,60,0,3
1585,60,2,3
1586,60,1,3
1587,60,3,3
1588,60,4,3
1589,60,6,3
1590,60,2,3
1591,60,1,3
1592,60,3,3
1593,60,4,3
1594,60,7,3
1595,60,8,3
1596,60,10,3
1597,60,1,3
1598,60,3,3
1599,60,2,3
1600,60,1,3
1601,60,1,3
1602,60,2,3
1603,60,3,3
1604,60,5,3
1605,60,4,3
1606,60,6,3
1607,60,1,3
1608,60,2,3
1609,60,15,3
1610,60,2,3
1611,60,3,3
1612,60,2,3
1613,60,1,3
1614,60,3,3
1615,60,5,3
1616,60,4,3
1617,60,6,3
1618,60,9,3
1619,60,8,3
1620,60,7,3
1621,60,12,3
1622,60,3,3
1623,60,5,3
1624,60,19,3
1625,60,2,3
1626,60,4,3
1627,60,3,3
1628,60,2,3
1629,60,10,3
1630,60,6,3
1631,60,9,3
1632,60,8,3
1633,60,7,3
1634,60,12,3
1635,60,12,3
1636,60,3,3
1637,60,5,3
1638,60,19,3
1639,60,2,3
1640,60,4,3
1641,60,3,3
1642,60,2,3
1643,60,10,3
1644,60,6,3
1645,60,9,3
1646,60,8,3
1647,60,7,3
1648,60,12,3
1649,60,3,3
1650,60,5,3
1651,60,19,3
1652,60,2,3
1653,60,4,3
1654,60,3,3
1655,60,2,3
1656,60,10,3
1657,60,2,3
1658,60,3,3
1659,60,2,3
1660,60,5,3
1661,60,4,3
1662,60,7,3
1663,60,1,3
1664,60,0,3
1665,60,2,3
1666,60,1,3
1667,60,3,3
1668,60,4,3
1669,60,6,3
1670,60,5,3
1671,60,4,3
1672,60,7,3
1673,60,1,3
1674,60,0,3
1675,60,2,3
1676,60,1,3
1677,60,3,3
1678,60,4,3
1679,60,6,3
1680,60,2,3
1681,60,1,3
1682,60,3,3
1683,60,4,3
1684,60,7,3
1685,60,8,3
1686,60,10,3
1687,60,1,3
1688,60,3,3
1689,60,2,3
1690,60,1,3
1691,60,1,3
1692,60,2,3
1693,60,3,3
1694,60,5,3
1695,60,4,3
1696,60,6,3
1697,60,1,3
1698,60,2,3
1699,60,15,3
1700,60,2,3
1701,60,3,3
1702,60,2,3
1703,60,1,3
1704,60,3,3
1705,60,5,3
1706,60,4,3
1707,60,6,3
1708,60,9,3
1709,60,8,3
1710,60,7,3
1711,60,12,3
1712,60,3,3
1713,60,5,3
1714,60,19,3
1715,60,2,3
1716,60,4,3
1717,60,3,3
1718,60,2,3
1719,60,10,3
1720,60,6,3
1721,60,9,3
1722,60,8,3
1723,60,7,3
1724,60,12,3
1725,60,4,3
1726,60,3,3
1727,60,2,3
1728,60,10,3
1729,60,6,3
1730,60,9,3
1731,60,8,3
1732,60,7,3
1733,60,12,3
1734,60,3,3
1735,60,5,3
1736,60,4,3
1737,60,6,3
1738,60,9,3
1739,60,8,3
1740,60,7,3
1741,60,12,3
1742,60,3,3
1743,60,5,3
1744,60,19,3
1745,60,2,3
1746,60,4,3
1747,60,3,3
1748,60,2,5
1749,60,10,5
1750,60,6,5
1751,60,9,5
1752,60,8,5
1753,60,7,5
1754,60,12,5
1755,60,3,5
1756,60,5,5
1757,60,19,5
1758,60,2,5
1759,60,4,5
1760,60,3,5
1761,60,2,5
1762,60,10,5
1763,60,2,5
1764,60,3,5
1765,60,2,5
1766,60,5,5
1767,60,4,5
1768,60,7,5
1769,60,1,5
1770,60,0,5
1771,60,2,5
1772,60,1,3
1773,60,3,3
1774,60,4,3
1775,60,6,3
1776,60,5,3
1777,60,4,3
1778,60,7,3
1779,60,1,3
1780,60,0,3
1781,60,2,4
1782,60,1,4
1783,60,3,4
1784,60,4,4
1785,60,6,4
1786,60,2,4
1787,60,1,4
1788,60,3,4
1789,60,4,4
1790,60,7,4
1791,60,8,4
1792,60,10,4
1793,60,1,4
1794,60,3,4
1795,60,2,4
1796,60,1,4
1797,60,1,4
1798,60,2,4
1799,60,3,4
1800,60,5,4
1801,60,4,4
1802,60,6,4
1803,60,1,8
1804,60,2,8
1805,60,15,8
1806,60,2,8
1807,60,3,8
1808,60,2,8
1809,60,1,8
1810,60,3,8
1811,60,5,8
1812,60,4,8
1813,60,6,8
1814,60,9,8
1815,60,8,8
1816,60,7,8
1817,60,12,8
1818,60,3,8
1819,60,5,8
1820,60,19,8
1821,60,2,8
1822,60,4,8
1823,60,3,8
1824,60,2,8
1825,60,10,8
1826,60,6,8
1827,60,9,8
1828,60,8,8
1829,60,7,8
1830,60,12,8
1831,60,12,8
1832,60,3,8
1833,60,5,8
1834,60,19,8
1835,60,2,8
1836,60,4,8
1837,60,3,8
1838,60,2,8
1839,60,10,8
1840,60,6,8
1841,60,9,8
1842,60,8,8
1843,60,7,8
1844,60,12,8
1845,60,3,8
1846,60,5,8
1847,60,19,8
1848,60,2,8
1849,60,4,8
1850,60,3,8
1851,60,2,6
1852,60,10,6
1853,60,2,6
1854,60,3,6
1855,60,2,6
1856,60,5,6
1857,60,4,6
1858,60,7,6
1859,59,1,6
1860,58,0,6
1861,57,2,6
1862,56,1,6
1863,55,3,8
1864,54,4,8
1865,53,6,8
1866,52,5,8
1867,51,4,8
1868,49,7,8
1869,48,1,8
1870,47,0,8
1871,46,2,8
1872,45,1,8
1873,43,3,8
1874,42,4,8
1875,41,6,0
1876,5,2,0
1877,5,1,0
1878,5,3,0
1879,6,4,0
1880,8,7,0
1881,12,8,0
1882,20,10,4
1883,68,1,4
1884,100,3,4
1885,132,2,4
1886,132,1,4
1887,137,1,4
1888,120,2,4
1889,128,3,4
1890,127,5,4
1891,126,4,4
1892,125,6,4
1893,124,1,4
1894,122,2,4
1895,121,15,4
1896,120,2,4
1897,119,3,4
1898,118,2,4
1899,117,1,4
1900,115,3,4
1901,114,5,4
1902,112,4,4
1903,111,6,4
1904,110,9,4
1905,110,8,4
1906,110,7,4
1907,110,12,4
1908,110,3,4
1909,110,5,0
1910,110,19,0
1911,110,2,0
1912,110,4,0
1913,110,3,0
1914,110,2,0
1915,110,10,0
1916,110,0,0
1917,110,0,0
1918,110,0,0
1919,110,0,0
1920,110,0,0
1921,110,0,0
1922,110,0,0
1923,110,0,0
1924,110,0,0
1925,110,0,0
1926,110,0,0
1927,110,0,0
1928,110,0,0
1929,110,0,0
1930,110,0,0
1931,110,0,0
1932,110,0,0
1933,110,0,0
1934,110,0,0
1935,110,0,0
1936,110,0,0
1937,110,0,0
1938,110,0,0
1939,110,0,0
1940,110,0,0
1941,110,0,0
1942,110,0,0
1943,110,0,0
1944,110,0,0
1945,110,0,0
1946,110,0,0
1947,110,0,0
1948,110,0,0
1949,110,0,0
1950,110,0,0
1951,110,0,0
1952,110,0,0
1953,110,0,0
1954,110,0,0
1955,110,0,0
1956,110,0,0
1957,110,0,0
1958,110,0,0
1959,110,0,0
1960,110,0,0
1961,110,0,0
1962,110,0,3
1963,110,0,3
1964,110,0,3
1965,110,0,3
1966,110,0,3
1967,110,0,3
1968,110,0,3
1969,110,0,3
1970,110,0,3
1971,110,0,3
1972,110,0,3
1973,110,0,3
1974,110,0,3
1975,110,0,3
1976,110,0,3
1977,110,0,3
1978,110,0,3
1979,110,0,3
1980,110,0,3
1981,110,0,3
1982,110,0,3
1983,110,0,3
1984,110,0,3
1985,110,0,3
1986,110,0,3
1987,110,0,3
1988,110,0,3
1989,110,0,3
1990,110,0,3
1991,110,0,3
1992,110,0,3
1993,110,0,3
1994,110,1,3
1995,110,2,3
1996,110,5,3
1997,110,7,3
1998,110,4,3
1999,110,3,3
2000,110,2,3
2001,110,10,3
2002,110,6,3
2003,110,9,3
2004,110,8,3
2005,110,7,3
2006,110,12,3
2007,110,3,3
2008,110,5,3
2009,110,19,3
2010,110,2,3
2011,110,4,3
2012,110,3,3
2013,110,2,3
2014,110,10,3
2015,110,2,3
2016,110,3,3
2017,110,2,3
2018,110,5,3
2019,110,4,3
2020,110,7,3
2021,110,1,3
2022,110,0,3
2023,110,2,3
2024,110,1,3
2025,110,3,3
2026,110,4,3
2027,110,6,3
2028,110,5,3
2029,110,4,3
2030,110,7,3
2031,110,1,3
2032,110,0,3
2033,110,2,3
2034,110,1,3
2035,110,3,3
2036,110,4,3
2037,110,6,3
2038,110,2,3
2039,110,1,3
2040,110,3,3
2041,110,4,3
2042,110,7,3
2043,110,8,3
2044,110,10,3
2045,110,1,3
2046,110,3,3
2047,110,2,3
2048,110,1,3
2049,110,1,3
2050,110,2,3
2051,110,3,3
2052,110,5,3
2053,110,4,3
2054,110,6,3
2055,110,1,3
2056,110,2,3
2057,110,15,3
2058,110,2,3
2059,110,3,3
2060,110,2,3
2061,110,1,3
2062,110,3,3
2063,110,5,3
2064,110,4,3
2065,110,6,3
2066,110,9,3
2067,110,8,3
2068,110,7,3
2069,110,12,3
2070,110,3,3
2071,110,5,3
2072,110,19,3
2073,110,2,3
2074,110,4,3
2075,110,3,3
2076,110,2,3
2077,110,10,3
2078,110,6,3
2079,110,9,3
2080,110,8,3
2081,110,7,3
2082,110,12,3
2083,110,3,3
2084,110,5,3
2085,110,4,3
2086,110,6,3
2087,110,9,3
2088,110,8,3
2089,110,7,3
2090,110,12,3
2091,110,3,3
2092,110,5,3
2093,110,19,3
2094,110,2,3
2095,110,4,3
2096,110,3,3
2097,110,4,3
2098,110,3,3
2099,110,2,3
2100,110,10,3
2101,110,6,3
2102,110,9,3
2103,110,8,3
2104,110,7,3
2105,110,12,3
2106,110,3,3
2107,110,5,3
2108,110,19,3
2109,110,2,3
2110,110,4,3
2111,110,3,3
2112,110,2,3
2113,110,10,3
2114,110,2,3
2115,110,3,3
2116,110,2,3
2117,110,5,3
2118,110,4,3
2119,110,7,3
2120,110,1,3
2121,110,0,3
2122,110,2,3
2123,110,1,3
2124,110,3,3
2125,110,4,3
2126,110,6,3
2127,110,5,3
2128,110,4,3
2129,110,7,3
2130,110,1,3
2131,110,0,3
2132,110,2,3
2133,110,1,3
2134,110,3,3
2135,110,4,3
2136,110,6,3
2137,110,2,3
2138,110,1,3
2139,110,3,3
2140,110,4,3
2141,110,7,3
2142,110,8,3
2143,110,10,3
2144,110,1,3
2145,110,3,3
2146,110,2,3
2147,110,1,3
2148,110,1,3
2149,110,2,3
2150,110,3,3
2151,110,5,3
2152,110,4,3
2153,110,6,3
2154,110,1,3
2155,110,2,3
2156,110,15,3
2157,110,2,3
2158,110,3,3
2159,110,2,3
2160,110,1,3
2161,110,3,3
2162,110,5,3
2163,110,4,3
2164,109,6,3
2165,108,9,3
2166,107,8,3
2167,106,7,3
2168,105,12,3
2169,104,3,3
2170,103,5,3
2171,102,19,3
2172,100,2,3
2173,99,4,3
2174,98,3,3
2175,95,2,3
2176,91,10,3
2177,88,6,3
2178,85,9,3
2179,84,8,3
2180,83,7,3
2181,82,12,3
2182,81,3,3
2183,80,5,3
2184,79,4,3
2185,78,6,3
2186,77,9,3
2187,76,8,3
2188,75,7,3
2189,74,12,3
2190,73,3,3
2191,72,5,3
2192,71,19,3
2193,69,2,3
2194,68,4,3
2195,67,0,3
2196,66,0,0
2197,5,0,0
2198,8,0,0
2199,12,0,0
2200,5,0,0
2201,6,0,0
2202,8,0,0
2203,12,0,0
2204,20,0,0
2205,36,0,0
2206,68,0,0
2207,100,0,0
2208,132,0,0
2209,150,0,0
2210,150,0,0
2211,150,0,0
2212,150,0,0
2213,150,0,0
2214,150,0,0
2215,150,0,0
2216,150,0,0
2217,150,0,0
2218,150,0,0
2219,150,0,0
2220,150,0,0
2221,150,0,0
2222,150,0,0
2223,150,0,0
2224,150,0,0
2225,150,0,0
2226,150,0,0
2227,150,0,0
2228,150,0,0
2229,150,0,0
2230,150,0,0
2231,150,0,0
2232,150,0,0
2233,150,0,0
2234,150,0,0
2235,150,0,0
2236,150,0,0
2237,150,0,0
2238,150,0,0
2239,150,0,0
2240,150,0,0
2241,150,0,0
2242,150,0,0
2243,150,0,0
2244,150,0,0
2245,150,0,0
2246,150,0,0
2247,150,0,0
2248,150,0,0
2249,150,0,0
2250,150,0,0
2251,150,0,0
2252,150,0,0
2253,150,0,0
2254,150,0,0
2255,150,0,0
2256,150,0,0
2257,150,0,0
2258,150,0,0
2259,150,0,0
2260,150,0,0
2261,150,0,0
2262,150,0,0
2263,150,0,0
2264,150,0,0
2265,150,0,0
2266,150,0,0
2267,150,0,0
2268,150,0,0
2269,150,0,0
2270,150,0,0
2271,150,0,0
2272,150,0,0
2273,150,0,0
2274,150,0,0
2275,150,0,0
2276,150,0,0
2277,150,0,0
2278,150,0,0
2279,150,0,0
2280,150,0,0
2281,150,0,0
2282,150,0,0
2283,150,0,0
2284,150,0,0
2285,150,0,0
2286,150,0,0
2287,150,0,0
2288,150,0,0
2289,150,0,0
2290,150,0,0
2291,150,0,0
2292,150,0,0
2293,150,0,0
2294,150,0,0
2295,150,0,0
2296,150,0,0
2297,150,0,0
2298,150,0,0
2299,150,0,0
2300,150,0,0
2301,150,0,0
2302,150,0,0
2303,150,0,0
2304,150,0,0
2305,150,0,0
2306,150,0,0
2307,150,0,0
2308,150,0,0
2309,150,0,0
2310,150,0,0
2311,150,0,0
2312,150,0,0
2313,150,0,0
2314,150,0,0
2315,150,0,0
2316,150,0,0
2317,150,0,0
2318,150,0,0
2319,150,0,0
2320,150,0,0
2321,150,0,0
2322,150,0,0
2323,150,0,0
2324,150,0,0
2325,150,0,0
2326,150,0,0
2327,150,0,0
2328,150,0,0
2329,150,0,0
2330,150,0,0
2331,150,0,0
2332,150,0,0
2333,150,0,0
2334,150,0,0
2335,150,0,0
2336,150,0,0
2337,150,0,0
2338,150,0,0
2339,150,0,0
2340,150,0,0
2341,150,0,0
2342,150,0,0
2343,150,0,0
2344,150,0,0
2345,150,0,0
2346,150,0,0
2347,150,0,0
2348,150,0,0
2349,150,0,0
2350,150,0,0
2351,150,0,0
2352,150,0,0
2353,150,0,0
2354,150,0,0
2355,150,0,0
2356,150,0,0
2357,150,0,0
2358,150,0,0
2359,150,0,0
2360,150,0,0
2361,150,0,0
2362,150,0,0
2363,150,0,0
2364,150,0,0
2365,150,0,0
2366,150,0,0
2367,150,0,0
2368,150,0,0
2369,150,0,0
2370,150,0,0
2371,150,0,0
2372,150,0,0
2373,150,0,0
2374,150,0,0
2375,150,0,0
2376,150,0,0
2377,150,0,0
2378,150,0,0
2379,150,0,0
2380,150,0,0
2381,150,0,0
2382,150,0,0
2383,150,0,0
2384,150,0,0
2385,150,0,0
2386,150,0,0
2387,150,0,0
2388,150,0,0
2389,150,0,0
2390,150,0,0
2391,150,0,0
2392,150,0,0
2393,150,0,0
2394,150,0,0
2395,150,0,0
2396,150,0,0
2397,150,0,0
2398,150,0,0
2399,150,0,0
2400,150,0,0
2401,150,0,0
2402,150,0,0
2403,150,0,0
2404,150,0,0
2405,150,0,0
2406,150,0,0
2407,150,0,0
2408,150,0,0
2409,150,0,0
2410,150,0,0
2411,150,0,0
2412,150,0,0
2413,150,0,0
2414,150,0,0
2415,150,0,0
2416,150,0,0
2417,150,0,0
2418,150,0,0
2419,150,0,0
2420,150,0,0
2421,150,0,0
2422,150,0,0
2423,150,0,0
2424,150,0,0
2425,150,0,0
2426,150,0,0
2427,150,0,0
2428,150,0,0
2429,150,0,0
2430,150,0,0
2431,150,0,0
2432,150,0,0
2433,150,0,0
2434,150,0,0
2435,150,0,0
2436,150,0,0
2437,150,0,0
2438,150,0,0
2439,150,0,0
2440,150,0,0
2441,150,0,0
2442,150,0,0
2443,150,0,0
2444,150,0,0
2445,150,0,0
2446,150,0,0
2447,150,0,0
2448,150,0,0
2449,150,0,0
2450,150,0,0
2451,150,0,0
2452,150,0,0
2453,150,0,0
2454,150,0,0
2455,150,0,0
2456,150,0,0
2457,150,0,0
2458,150,0,0
2459,150,0,0
2460,150,0,0
2461,150,0,0
2462,150,0,0
2463,150,0,0
2464,150,0,0
2465,150,0,0
2466,150,0,0
2467,150,0,0
2468,150,0,0
2469,150,0,0
2470,150,0,0
2471,150,0,0
2472,150,0,0
2473,150,0,0
2474,150,0,0
2475,150,0,0
2476,150,0,0
2477,150,0,0
2478,150,0,0
2479,150,0,0
2480,150,0,0
2481,150,0,0
2482,150,0,0
2483,150,0,0
2484,150,0,0
2485,150,0,0
2486,150,0,0
2487,150,0,0
2488,150,0,0
2489,150,0,0
2490,150,0,0
2491,150,0,0
2492,150,0,0
2493,150,0,0
2494,150,0,0
2495,150,0,0
2496,150,0,0
2497,150,0,0
2498,150,0,0
2499,150,0,0
2500,150,0,0
2501,150,0,0
2502,150,0,0
2503,150,0,0
2504,150,0,0
2505,150,0,0
2506,150,0,0
2507,150,0,0
2508,150,0,0
2509,150,0,0
2510,150,0,0
2511,150,0,0
2512,150,0,0
2513,150,0,0
2514,150,0,0
2515,150,0,0
2516,150,0,0
2517,150,0,0
2518,150,0,0
2519,150,0,0
2520,150,0,0
2521,149,0,0
2522,48,0,0
2523,148,0,0
2524,147,0,0
2525,146,0,0
2526,145,0,0
2527,144,0,0
2528,140,0,0
2529,139,0,0
2530,136,0,0
2531,135,0,0
2532,135,0,0
2533,138,0,0
2534,140,0,0
2535,135,0,0
2536,146,0,0
2537,145,0,0
2538,144,0,0
2539,140,0,0
2540,139,0,0
2541,136,0,0
2542,135,0,0
2543,135,0,0
2544,138,0,0
2545,140,0,0
2546,135,0,0
2547,100,0,0
2548,132,0,0
2549,132,0,0
2550,137,0,0
2551,120,0,0
2552,128,0,0
2553,127,0,0
2554,126,0,0
2555,125,0,0
2556,124,0,0
2557,122,0,0
2558,121,0,0
2559,120,0,0
2560,119,0,0
2561,118,0,0
2562,117,0,0
2563,115,0,0
2564,114,0,0
2565,112,0,0
2566,111,0,0
2567,110,0,0
2568,110,0,0
2569,110,0,0
2570,110,0,0
2571,110,0,0
2572,110,0,0
2573,110,0,0
2574,110,0,0
2575,110,0,0
2576,110,0,0
2577,110,0,0
2578,110,0,0
2579,110,0,0
2580,110,0,0
2581,110,0,0
2582,110,0,0
2583,110,0,0
2584,110,0,0
2585,110,0,0
2586,110,0,0
2587,110,0,0
2588,110,0,0
2589,110,0,0
2590,110,0,0
2591,110,0,0
2592,110,0,0
2593,110,0,0
2594,110,0,0
2595,110,0,0
2596,110,0,0
2597,110,0,0
2598,110,0,0
2599,110,0,0
2600,110,0,0
2601,110,0,0
2602,110,0,0
2603,110,0,0
2604,110,0,0
2605,110,0,0
2606,110,0,0
2607,110,0,0
2608,110,0,0
2609,110,0,0
2610,110,0,0
2611,110,0,0
2612,110,0,0
2613,110,0,0
2614,110,0,0
2615,110,0,0
2616,110,0,0
2617,110,0,0
2618,110,0,0
2619,110,0,0
2620,110,0,0
2621,110,0,0
2622,110,0,0
2623,110,0,0
2624,110,0,0
2625,110,0,0
2626,110,0,0
2627,150,0,0
2628,150,0,0
2629,150,0,0
2630,150,0,0
2631,150,0,0
2632,150,0,0
2633,150,0,0
2634,150,0,0
2635,150,0,0
2636,150,0,0
2637,150,0,0
2638,150,0,0
2639,150,0,0
2640,150,0,0
2641,150,0,0
2642,150,0,0
2643,150,0,0
2644,150,0,0
2645,150,0,0
2646,150,0,0
2647,150,0,0
2648,150,0,0
2649,150,0,0
2650,150,0,0
2651,150,0,0
2652,150,0,2
2653,150,0,2
2654,150,0,2
2655,150,0,2
2656,150,0,2
2657,150,0,2
2658,150,0,2
2659,150,0,2
2660,150,0,2
2661,150,0,2
2662,150,0,2
2663,150,0,2
2664,150,0,2
2665,150,0,2
2666,150,0,2
2667,150,0,2
2668,150,0,2
2669,150,0,2
2670,150,0,2
2671,150,0,2
2672,150,0,2
2673,150,0,2
2674,150,0,2
2675,150,0,2
2676,150,0,2
2677,150,0,2
2678,150,0,2
2679,150,0,2
2680,150,0,2
2681,150,0,2
2682,150,0,2
2683,150,0,2
2684,150,0,2
2685,150,0,2
2686,150,0,2
2687,150,0,2
2688,150,0,2
2689,150,0,2
2690,150,0,2
2691,150,0,2
2692,150,0,2
2693,150,0,2
2694,150,0,1
2695,150,0,1
2696,150,0,1
2697,150,0,1
2698,150,0,1
2699,150,0,1
2700,150,0,1
2701,150,0,1
2702,150,0,1
2703,150,0,1
2704,150,0,1
2705,150,0,1
2706,150,0,1
2707,150,0,1
2708,150,0,1
2709,150,0,1
2710,150,0,1
2711,150,0,1
2712,150,0,1
2713,150,0,1
2714,150,0,1
2715,150,0,1
2716,150,0,1
2717,150,0,1
2718,150,0,1
2719,150,0,1
2720,150,0,1
2721,150,0,1
2722,150,0,1
2723,150,0,1
2724,150,0,1
2725,150,0,1
2726,150,0,1
2727,150,0,1
2728,150,0,1
2729,150,0,1
2730,150,0,1
2731,150,0,1
2732,150,0,1
2733,150,0,1
2734,150,0,1
2735,150,0,1
2736,150,0,1
2737,150,0,1
2738,150,0,1
2739,150,0,1
2740,150,0,1
2741,150,0,1
2742,150,0,1
2743,150,0,1
2744,150,0,1
2745,150,0,1
2746,150,0,1
2747,150,0,1
2748,150,0,1
2749,150,0,1
2750,150,0,1
2751,150,0,1
2752,150,0,1
2753,150,0,1
2754,150,0,1
2755,150,0,1
2756,150,0,1
2757,150,0,1
2758,150,0,1
2759,150,0,1
2760,150,0,1
2761,150,0,1
2762,150,0,1
2763,150,0,1
2764,150,0,1
2765,150,0,1
2766,150,0,1
2767,150,0,1
2768,150,0,1
2769,150,0,1
2770,150,0,1
2771,150,0,1
2772,150,0,1
2773,150,0,1
2774,150,0,1
2775,150,0,1
2776,150,0,1
2777,150,0,1
2778,150,0,1
2779,150,0,1
2780,150,0,1
2781,150,0,1
2782,150,0,1
2783,150,0,1
2784,150,0,1
2785,150,0,1
2786,150,0,1
2787,150,0,1
2788,150,0,1
2789,150,0,1
2790,150,0,1
2791,150,0,1
2792,150,0,1
2793,150,0,1
2794,150,0,1
2795,150,0,1
2796,150,0,1
2797,150,0,1
2798,150,0,1
2799,150,0,1
2800,150,0,1
2801,150,0,1
2802,150,0,1
2803,150,0,1
2804,150,0,1
2805,150,0,1
2806,150,0,1
2807,150,0,1
2808,150,0,1
2809,150,0,1
2810,150,0,1
2811,150,0,1
2812,150,0,1
2813,150,0,1
2814,150,0,1
2815,150,0,1
2816,150,0,1
2817,150,0,1
2818,150,0,1
2819,150,0,1
2820,150,0,1
2821,150,0,1
2822,150,0,1
2823,150,0,1
2824,150,0,1
2825,150,0,1
2826,150,0,1
2827,150,0,1
2828,150,0,1
2829,150,0,1
2830,150,0,1
2831,150,0,1
2832,150,0,1
2833,150,0,1
2834,150,0,1
2835,150,0,1
2836,150,0,1
2837,150,0,1
2838,150,0,1
2839,150,0,1
2840,150,0,1
2841,150,0,1
2842,150,0,1
2843,150,0,1
2844,150,0,1
2845,150,0,1
2846,150,0,1
2847,150,0,1
2848,150,0,1
2849,150,0,1
2850,150,0,1
2851,150,0,1
2852,150,0,1
2853,150,0,1
2854,150,0,1
2855,150,0,1
2856,150,0,1
2857,150,0,1
2858,150,0,1
2859,148,0,1
2860,147,0,1
2861,146,0,1
2862,148,0,1
2863,145,0,1
2864,140,0,1
2865,141,0,1
2866,139,0,1
2867,138,0,1
2868,137,0,1
2869,136,0,1
2870,135,0,1
2871,128,0,1
2872,127,0,1
2873,126,0,1
2874,125,0,1
2875,122,0,1
2876,120,0,1
2877,119,0,1
2878,118,0,1
2879,117,0,1
2880,116,0,1
2881,115,0,1
2882,114,0,1
2883,113,0,1
2884,112,0,1
2885,111,0,1
2886,109,0,1
2887,105,0,1
2888,103,0,1
2889,101,0,1
2890,5,0,1
2891,5,0,1
2892,6,0,1
2893,6,0,1
2894,8,0,1
2895,9,0,1
2896,12,0,1
2897,20,0,1
2898,23,0,1
2899,55,0,1
2900,83,0,2
2901,115,0,3
2902,115,0,2
2903,115,0,5
2904,115,5,4
2905,150,19,7
2906,150,2,1
2907,150,4,0
2908,150,3,2
2909,150,2,1
2910,150,10,3
2911,150,6,4
2912,150,9,6
2913,150,8,5
2914,150,7,4
2915,150,12,7
2916,150,3,1
2917,150,5,0
2918,150,19,2
2919,150,2,1
2920,150,4,3
2921,150,3,4
2922,150,2,6
2923,150,10,2
2924,150,2,1
2925,150,3,3
2926,150,2,4
2927,150,5,7
2928,150,4,8
2929,150,7,10
2930,150,1,1
2931,150,0,3
2932,150,2,2
2933,150,3,1
2934,150,2,1
2935,150,5,2
2936,150,4,3
2937,150,7,5
2938,150,1,4
2939,150,3,6
2940,150,2,1
2941,115,1,2
2942,116,1,1
2943,118,2,2
2944,115,3,3
2945,115,2,5
2946,115,5,3
2947,115,4,2
2948,115,7,2
2949,68,1,0
2950,65,1,0
2951,62,1,3
2952,60,2,4
